lockitver|DO NOT DELETE THIS LINE! Tradução PTBR - 2015-2023 - by Cláudio Vieira e Evandro Neto
ip_mod_tips_a|01 BannerPage: Configurações Ideais
ip_mod_tips_a_text|Compatibilidade:^BannerPage é compatível com a versão mais recente do MB Warband 1.174 e compatível com versões anteriores à 1.168.^^Defina os gráficos corretamente:^Em Opções de vídeo, certifique-se de que o HDR esteja desativado, Auto-Exposição desativada e defina Antialiasing o mais alto possível, pelo menos x2.^^Gama do Monitor:^A configuração padrão é predefinida para reprodução em uma sala relativamente escura. Se você jogar em uma sala com muita luz e as noites parecerem escuras, certifique-se de aumentar a gama do monitor.^^Equilibre sons e música:^Para configurar o som corretamente, vá para Opções Gerais e primeiro desligue a música completamente, deslizando seu controle deslizante para a posição mais à esquerda, então retorne ao jogo e entre em qualquer arena e comece a praticar. Ajuste a barra de som principal até que o volume seja satisfatório para o seu ouvido. Em seguida, saia da cidade para o mapa de campanha e ligue uma música, mova seu controle deslizante um pouco para a direita. Se neste ponto alguma faixa de música estiver tocando, espere até que ela pare ou se torne um som ambiente. Em seguida, viaje no mapa da campanha e configure apenas a barra de música até que você mal a ouça, mas claramente, ouça os ventos de fundo.^^IA de Batalha e de Campanha:^A IA de batalha definida como Boa é quase obrigatória, enquanto a IA de campanha também definida como Boa é altamente recomendada.^^Defina o tamanho das batalhas corretamente:^Você encontrará o controle deslizante Tamanho das batalhas nas Opções gerais. Permite no máximo 150 soldados. Se você quiser mais do que isso, pode usar um pequeno programa chamado BattleSizer. Você o encontrará na pasta Extras do BannerPage. Não ultrapasse 330. Se ainda quiser mais, use também o plug-in Quantidade, incluído na mesma pasta. Neste caso, é recomendado não ultrapassar 600. Depois de finalmente definir o tamanho de batalha desejado, certifique-se de ir nas opções do ODPB também (acessíveis através do menu de acampamento no mapa da campanha) e combine o tamanho da batalha lá com aquele você acabou de definir^^Desativar o modo de trapaça:^Ativá-lo encherá o jogo de mensagens, o que fará com que as mensagens do jogo desapareçam.^^Opcional:^Você também pode considerar obter algo chamado patch de 4 GB, procure no Google e decida você mesmo.^^
ip_mod_tips_b|03 BannerPage: Dicas de Jogabilidade do Mod
ip_mod_tips_b_text|Ajuda do Mod - Esse Manual^ (acessível através do menu Conceitos no Mapa da Campanha) É altamente recomendável que você folheie tudo pelo menos uma vez apenas para ter uma ideia aproximada do conteúdo, para que você volte a ele mais tarde quando surgir a necessidade e ela surgirá.^^Relatórios^ (acessíveis diretamente do Mapa da Campanha) Para realmente ter uma ideia sobre o mundo ao seu redor e sua posição dentro dele, certifique-se de verificar os relatórios regularmente e com frequência. Eles contêm informações valiosas sobre seu exército, relações, finanças, política, companheiros, missões, cortejos e outras coisas muito úteis.^^Ações do Acampamento^(acessível através do menu de Acampamento no Mapa da Campanha) Ao acampar, você terá acesso a uma ampla gama de opções especiais que de outra forma não estariam disponíveis para você, como construir um esconderijo, ter acesso a biblioteca, recrutar prisioneiros, construir fortificações e muitas outras coisas.^^Taverna^As tavernas são o coração da vida social dos plebeus em Calradia. Visite-as regularmente, pois só lá você pode encontrar mercenários para contratar, encontrar novos companheiros, recrutar de recrutadores profissionais, comprar itens de comerciantes especiais, comprar livros de mercadores, adquirir treinamento especial e melhorar suas habilidades, jogar, ouvir uma fofoca, aprender um poema, obter uma missão, etc.^^Construir um esconderijo/Base Secreta^Ambos, e especialmente a base secreta, desbloqueiam uma mecânica de jogo completamente grande e única. Tudo é descrito em detalhes em uma seção separada chamada Operações subterrâneas e secretas.^^Prêmios de Lutas^ BannerPage oferece três formas de luta competitiva, cada uma trazendo seus próprios prêmios e recompensas:^1. Torneios - sistema completamente reformulado onde cada torneio é completamente diferente. Consulte a seção separada aqui.^2. Ludus Calradius - Arena de Gladiadores construída nas ruínas de Zendar. Consulte a seção separada.^3. Sistema de Duelos - O jogador pode desafiar qualquer lorde em um duelo amigável, mas o resultado terá um impacto direto em seu relacionamento e no renome do jogador, dependendo também do tipo de personalidade e renome do lorde desafiado. Consulte os detalhes em uma seção separada aqui.^^Recrutamento^ BannerPage reformulou completamente o sistema de recrutamento tornando-o mais realista. Consulte a seção que cobre esse tópico^^Freelancing^No início do jogo, quando você está com pouco dinheiro, experiência e basicamente não tem fonte de renda, é uma opção muito viável que você se junte ao exército de um lorde como um soldado comum. Por favor, encontre os detalhes em uma seção separada chamada Freelancer.^^Caça^ Negócio lucrativo uma vez que você aprenda seus métodos. Consulte a seção separada.^^Tesouro escondido^ Em BannerPage, há muitos baús de tesouro nos locais mais inesperados de Calradia. Todos eles possuem itens exclusivos.^^Missões Especiais^ Há muitas novas missões no BannerPage. A conclusão de missões especiais irá recompensá-lo com itens únicos. Alguns deles também têm vários bônus especiais.^^Mina de Sal^Traga seus prisioneiros para a mina de sal. Alugue-os ao dono da mina, transformando-os em escravos. Você receberá uma compensação semanal de 10 denares por prisioneiro.^^Esposa Companheira^Você pode convidar sua esposa para se juntar a você como Companheira. Você pode evoluir suas habilidades e equipá-la e, também, dispensá-la quando quiser.^^Promova a melhor tropa em Companheiro^Você terá a opção de promover um de seus melhores lutadores a Companheiro - guarda pessoal. Você vai dar um nome a ele. Ele permanecerá fielmente ao seu lado até que a morte os separe.^^Comandante Personalizado^Antes da batalha, você agora tem a opção de escolher se deseja jogar com um de seus companheiros de grupo. Em outras palavras, escolha um companheiro de seu grupo (se ele/ela estiver apto) para ser um comandante e assim assuma o controle direto sobre ele/ela, seu personagem será controlado pela IA. Esta é uma ótima opção quando você é ferido ou quando quer acelerar o progresso de um certo companheiro, já que geralmente o jogador obtém o máximo de experiência em quase todas as batalhas.^^Ordens Pré-Batalha^Outra opção Antes da batalha, você pode preparar sua escolha de tropas e dar-lhes ordens básicas mesmo antes do início da batalha. Procure detalhes em duas seções ODPB separadas.^^Utilize o Registro de Comércio^Utilize o Registro de Comércio depois de comprá-lo no vendedor de livros na taverna. Depois disso, ele se torna acessível através do Menu de Acampamento. Para torná-lo realmente útil, você precisa começar a coletar dados avaliando os preços nos mercados locais das cidades. Mais tarde, você pode filtrar todas essas informações de várias maneiras e tirar conclusões inestimáveis. Ele mantém registro de todas as informações relevantes relacionadas ao comércio. Você também pode adicionar notas pessoais.^^Utilize a Biblioteca^ Acessível através do menu de Acampamento. No BannerPage você pode permitir que seus companheiros leiam livros também. Você também pode atribuir um companheiro para segurar determinado livro e assim obter maiores bônus de habilidade do grupo. Tudo isso pode ser alcançado por meio da interface da biblioteca.^^Matar Lordes^ Sim, no BP você pode matar lordes. Você não pode matá-los no campo de batalha, mas uma vez que eles se tornem seus prisioneiros, você pode julgá-los e sentenciá-los à morte. Cuidado, isso terá várias implicações.^^Dialógos estendidos de tropas e prisioneiros^ Você pode executar todos os tipos de ações por meio de opções de diálogo de tropas e prisioneiros. Cada um deles terá implicações diferentes.^^Tropas Personalizadas^ No BannerPage, quando você se torna o líder de uma facção ou simplesmente começa como um, você tem a opção de criar suas próprias tropas. Para maiores detalhes, consulte a seção Tropas personalizadas.^^Explosivos^Flechas explosivas e granadas são melhor usadas em distâncias mais curtas, por exemplo, em cercos.^^Comandando Tropas^Você pode pressionar a tecla Backspace durante a batalha para abrir o minimapa e a interface de comando. Dessa forma, você pode dar ordens ao seu grupo durante a batalha. Alternativamente, para acelerar o processo, você pode usar as teclas de atalho 1-0 e F1-F7. F10 Pausa a batalha.^^Gerenciamento de Custos^Você pagará metade do salário para suas tropas enquanto estiver em uma cidade ou castelo. Da mesma forma, você pagará metade do salário às tropas que guarnecidas em um feudo. ^^Reparando itens^Ao caminhar pela cidade, converse com vários donos de lojas, eles podem consertar os itens correspondentes e o Mercador de Cavalos pode tornar sua montaria tímida, então você pode entregá-la a um companheiro menos habilidoso.^^Gerenciamento de Tropas Estendido^Aprisionar unidades, matar unidades, pedir a unidades para "agradar" outras unidades, matar prisioneiro, recrutar prisioneiro, jogar prisioneiro para as tropas se divertirem... Todas essas opções estão disponíveis através de diálogos estendidos.^^BANNERPAGE DESBLOQUEIO DE NÍVEIS DE HABILIDADE^Desbloqueio da habilidade Tática:^Além dos efeitos padrão do Warband, no Bannerpage o nível 2 desbloqueia várias opções de pré-batalha e batalha.^^Desbloqueio da habilidade de Administração do Inventário:^Além dos efeitos padrão do Warband, no Bannerpage o Nível 2 desbloqueia um sistema de gerenciamento de pilhagem, opções de equipamento automático de companheiro e menus de compra e venda automática.^^Desbloqueio da habilidade de Liderança:^Além dos efeitos padrão do Warband, no Bannerpage seu nível determina o número de guardas pessoais.^^Desbloqueio da habilidade de Maestria em Escudos:^Além dos efeitos padrão do Warband, o nível de habilidade em Bannerpage influencia diretamente no ataque de escudo, lhe permitindo atacar com escudos maiores e mais pesados.^^
ip_mod_tips_c|02 BannerPage: Novos comandos de tecla, etc.
ip_mod_tips_c_text|NOVOS COMANDOS NO MAPA DA CAMPANHA^Notas Personalizadas:^Clique com o botão direito do mouse em qualquer lorde enquanto estiver no mapa da campanha para adicionar sua nota personalizada a ele. Você tem uma nota para cada lorde. Depois de adicionar uma segunda nota ao lorde que já possui uma, a primeira será excluída.^^Visão Geral do Exército:^Acesse-o pressionando (O) ou através dos menus Relatórios. Nova interface para gerenciar o exército. Para mais informações, consulte a seção especial dedicada.^^NOVOS COMANDOS DE CENÁRIO/BATALHA 3D^Comandando Tropas:^Você pode pressionar a tecla Backspace durante a batalha para abrir o minimapa e a interface de comando. Dessa forma, você pode dar ordens ao seu grupo durante a batalha. Como alternativa, para acelerar o processo, você pode usar as teclas de atalho 1-0 para selecionar o tipo de tropas e, em seguida, a combinação de F1-F7 para emitir uma ordem. F10 Pausa a batalha. Para obter detalhes, consulte as seções de ODPB.^^Ataque de Escudo:^Está vinculado ao nível de habilidade do Escudo. Uma habilidade maior permitirá que você ataque com um escudo maior e mais pesado. Ao bloquear com o escudo (segurando o botão direito do mouse), agora você pode atingir o oponente com o escudo pressionando o botão esquerdo do mouse.^^Posicionar Lanças:^ Você pode pressionar (B) enquanto segura a arma de haste equipada para posicioná-la. Você também pode ordenar que suas tropas em batalha posicionem armas de haste pressionando (F7,F7).^^Salva de Armas:^Você pode ordenar que suas tropas atirem em saraivadas (F7,F6).^^Escudos Posicionáveis (Pavê):^Grande proteção em cercos. Certifique-se de que o escudo que você pretende usar tenha a palavra Posicionável em sua descrição. Durante a batalha, pressione (G) para Posicionar o Pavê. Se você quiser tirá-lo do chão, pressione (H) para desmontá-lo, seguido de (F) para retirá-lo do chão.^^Assobiar para chamar seu cavalo:^Em qualquer cenário você pode assobiar pressionando M, isso será um sinal para o seu cavalo se aproximar.^^Agachar:^Para agachar pressione Z.^^Câmera de morte:^Depois de ser nocauteado, use o mouse e as setas para mover a câmera livremente pelo campo de batalha.^^Modo de câmera:^Pressione End para alternar a visualização da câmera.^^Painel de controle da IA de combate:^Em qualquer cenário, pressione U para ajustar vários aspectos da IA de combate.^^
ip_dplmc_aa_info|Diplomacy Mod
ip_dplmc_aa_info_text|O mod Diplomacy adiciona muitos recursos ao jogo. A maioria deles são acessados por meio de seu ministro e vários outros novos funcionários possíveis: um Tesoureiro, um Comissário e um Chanceler. Você poderá contratar um Tesoureiro quando conseguir sua primeira aldeia, um Comissário quando conquistar seu primeiro castelo e um Chanceler quando ganhar sua primeira cidade. Se você demitir um dos seus funcionários, poderá recontratá-lo por meio de um cônjuge bem relacionado ou por um dos viajantes que frequentam as tavernas de Calradia.^^Além desses, o mod também tem outros recursos, que podem ser acessados no Menu de Acampamento.^^Este mod usa o Diplomacy Versão 4.3 (22 de setembro de 2012) que foi melhorado e polido.
ip_dplmc_autoloot|Diplomacy: Auto-pilhagem/Auto-venda
ip_dplmc_autoloot_text|As configurações de auto-pilhagem são gerenciadas através do menu de acampamento. Isso permite que os seus companheiros (herois nomeados, não os soldados comuns) automaticamente selecionem o equipamento a partir da pilhagem após a batalha. Para que essa característica seja ativada, um dos seguintes requisitos devem ser cumpridos: 1) alguém em seu grupo precisa ter a habilidade Pilhagem no nível 2 ou maior; 2) alguém em seu grupo precisa ter a habilidade Administração do Inventário no nível 3 ou maior; ou 3) o próprio jogador precisa ter a habilidade Administração do Inventário no nível 2 ou maior.^^O recurso de Auto-venda permite que você venda muitos itens no mercador de uma vez, em vez de vendê-los um de cada vez. As configurações de auto-venda são gerenciadas através do menu da cidade, onde você pode especificar quais tipos de itens deseja vender (por exemplo, você pode não querer vender cavalos automaticamente) e um limite de preço (por exemplo, você pode não querer vender automaticamente quaisquer itens que custem mais de 200 denares).^^Existem duas principais maneiras de usar a auto-venda. Se você falar com um mercador de cavalos, armeiro ou ferreiro em uma cidade, há a opção de diálogo para vender itens de um tipo específico. Além disso, ao visitar uma cidade, haverá uma opção na seção Mercado do menu para vender automaticamente seus itens em todas as cidades.^^Os itens que você equipou nunca serão vendidos, nem os três primeiros itens do seu inventário. Depois disso, a auto-venda também ignora qualquer coisa que ele pense ser seu equipamento pessoal (já que as pessoas geralmente têm mais de um). Independentemente de você tê-los equipados, também não venderá seu melhor arco, besta, armadura, elmo, botas ou luvas. Se você tiver um arco que possa usar, também não será vendido seus três melhores pacotes de flechas e, se você tiver uma besta, não venderá seus três melhores pacotes de dardos. Para escudos, armas de uma mão, armas de duas mãos, armas de haste e cavalos, ele não venderá seu melhor ou segundo melhor item. Suas três melhores armas de arremesso também não serão vendidas. Entretanto, itens que seu personagem não possa usar serão vendidos.
ip_dplmc_policy|Diplomacy: Política de Reino
ip_dplmc_policy_text|Centralização/Descentralização:^+3 - muito centralizado. A ineficácia nos impostos do governante é reduzida em 15% e aumentada em 15% para seus vassalos. As relações do governante com seus vassalos sofrerão em -3 a cada mês. O exército do rei obtém 30% de aumento, os exércitos dos senhores obtêm 9% de redução.^+2 - bastante centralizado. A ineficácia nos impostos do governante é reduzida em 10% e aumentada em 10% para seus vassalos. As relações do governante com os feudos de seus vassalos sofrerão em -2 a cada mês. O exército do rei obtém 20% de aumento, os exércitos dos lordes obtêm 6% de redução.^+1 - um pouco centralizado. A ineficácia nos impostos do governante é reduzida em 5% e aumentada em 5% para seus vassalos. As relações do governante com os feudos de seus vassalos sofrerão em -1 a cada mês. O exército do rei obtém um aumento de 10%, os exércitos dos lordes obtêm uma redução de 3%.^-1 - um pouco descentralizado. A ineficácia nos impostos do governante é aumentada em 5%. As relações do governante com seus vassalos aumentam em +1 a cada mês. O exército do rei obtém uma redução de 10%, os exércitos dos senhores obtêm um aumento de 3%.^-2 - bastante descentralizado. A ineficácia nos impostos do governante é aumentada em 10%. As relações do governante com seus vassalos aumentam em +2 a cada mês. O exército do rei obtém uma redução de 20%, os exércitos dos lordes obtêm um aumento de 6%.^-3 - muito descentralizado. A ineficácia nos impostos do governante é aumentada em 15%. As relações do governante com seus vassalos aumentam em +3 a cada mês. O exército do rei obtém uma redução de 30%, os exércitos dos lordes obtêm um aumento de 9%.^^Aristocracia/Plutocracia:^+3 - muito aristocrático. O comércio diminuie em 15%. As relações dos reis com seus vassalos aumentam em 3 a cada mês. Os exércitos dos vassalos aumentam em 9%.^+2 - bastante aristocrático. O comércio diminuie em 10%. As relações dos reis com seus vassalos aumentam em 2 a cada mês. Os exércitos dos vassalos aumentaram em 6%.^+1 - um pouco aristocrático. O comércio diminuie em 5%. As relações dos reis com seus vassalos aumentam em 1 a cada mês. Os exércitos dos vassalos aumentam em 3%.^-1 - um pouco plutocrático. O comércio aumenta em 10%. As relações dos reis com seus vassalos diminuem em 1 a cada mês. Os exércitos dos vassalos diminuem em 3%.^-2 - bastante plutocrático. O comércio aumenta em 15%. As relações dos reis com seus vassalos diminuem em 2 a cada mês. Os exércitos dos vassalos diminuem em 6%.^-3 - muito plutocrático. O comércio aumenta em 20%. As relações dos reis com seus vassalos diminuem em 3 a cada mês. Os exércitos dos vassalos diminuem em 9%.^^Servidão/Homens livres:^+3 - quase todos servos. A ineficácia nos impostos diminue em 9% para o rei e seus vassalos. As tropas da facção sofrem uma diminuição de força de 6% em batalhas da IA, o tamanho do exército do reino aumenta em 6%.^+2 - a maioria servos. A ineficácia nos impostos diminue em 6% para o rei e seus vassalos. As tropas da facção sofrem uma diminuição de força de 4% em batalhas da IA, o tamanho do exército do reino aumenta em 4%.^+1 - geralmente servos. A ineficácia nos impostos diminue em 3% para o rei e seus vassalos. As tropas da facção sofrem uma diminuição de força de 2% em batalhas da IA, o tamanho do exército do reino aumenta em 2%.^-1 - geralmente livres. A ineficácia nos impostos aumenta em 3% para o rei e seus vassalos. As tropas da facção recebem um bônus de força de 2% em batalhas da IA, o tamanho do exército do reino é reduzido em 2%.^-2 - a maioria livres. A ineficácia nos impostos aumenta em 6% para o rei e seus vassalos. As tropas da facção recebem um bônus de força de 4% em batalhas da IA, o tamanho do exército do reino é reduzido em 4%.^-3 - quase todos livres. A ineficácia nos impostos aumenta em 9% para o rei e seus vassalos. As tropas da facção recebem um bônus de força de 6% em batalhas da IA, o tamanho do exército do reino é reduzido em 6%.^^Qualidade/Quantidade:^+3 - uma qualidade muito elevada. A força da IA ​​das tropas aumenta em 12%, os exércitos dos lordes diminuem em 12%.^+2 - uma grande qualidade. A força da IA ​​das tropas aumenta em 8%, os exércitos dos lordes diminuem em 8%.^+1 - uma boa qualidade. A força da IA das tropas aumenta em 4%, exércitos dos lordes diminuem em 4%.^-1 - um bom número de soldados. A força das tropas da IA ​​diminuem em 4%, os exércitos dos lordes aumentam em 4%.^-2 - muitos soldados. A força da IA ​​das tropas diminue em 8%, os exércitos dos lordes aumentam em 8%.^-3 - um vasto número de soldados. A força da IA ​​das tropas diminue em 12%, os exércitos dos lordes aumentam em 12%.
ip_dplmc_ai_changes|Diplomacy: Mudanças na IA da Campanha
ip_dplmc_ai_changes_text|Baixa:^^- Os pontos centrais para alocação de feudos são calculados (aldeias 1/castelos 2/cidades 3) em vez de (aldeias 1/castelos 1/cidades 2).^- Para resgatar prisioneiros e oferecer missões de presentes, os parentes que podem ser um alvo da missão foram estendidos para incluir tios, tias e sogros.^- Alterações no cálculo de missões do peticionário para pontuações centrais.^- Ao escolher uma nova facção, os lordes têm mais probabilidade de retornar à sua facção original (exceto quando essa é a facção da qual eles estão sendo exilados), se as condições normais para o retorno forem atendidas. A decisão de um lorde também pode ser influenciada por suas relações com outros lordes nas várias facções, em vez de apenas suas relações com os líderes das facções.^^Média:^^- Algumas mudanças para ganhos/perdas na relação do lorde quando os feudos são alocados.^- Os reis prevalecem sobre os lordes com um pouco menos de frequência em questões da facção.^- Ao decidir quem apoiar para um feudo, pequenas mudanças de parâmetros para certas personalidades. Alguns lordes ainda darão prioridade a lordes sem feudo ou ao senhor que conquistou o centro se eles tiverem uma relação ligeiramente negativa (normalmente o corte é 0 para todas as personalidades).^- Quando um lorde não consegue encontrar bons candidatos para um feudo sob as regras normais, em vez de apoiar a ele mesmo automaticamente, ele usa um esquema de pontuação ponderada.^- Em vários lugares onde o renome médio * 3/2 aparece, um cálculo alternativo é usado às vezes.^- Os lordes realizarão melhorias adicionais e contratarão mercenários em cidades dependendo da personalidade.^^Alta:^^- O fator de renome quando um lorde NPC ou o jogador corteja uma lady NPC é ajustado de acordo com o prestígio do guardião da lady.^- Quando uma facção tem lordes sem feudos e nenhum feudo livre sobrando, sob algumas circunstâncias, o rei redistribuirá uma aldeia que ele possui.^- Quando as aldeias forem saqueadas, todos os voluntários que estavam na aldeia serão mortos tanto para o jogador quanto para o NPC.
ip_dplmc_gold_changes|Diplomacy: Mudanças na Economia da IA
ip_dplmc_gold_changes_text|Baixa:^^- O comércio de caravanas beneficia tanto a origem quanto o destino.^- Quando o jogador se rende, há uma chance de que seu equipamento pessoal não seja saqueado, dependendo de quem aceitou a rendição e da dificuldade definida. (Isso se destina a resolver um problema de jogabilidade. Nos primeiros 700 dias ou mais, não há benefício possível em render-se em vez de lutar até o último homem.) Além disso, um bug que possibilitava o saque de livros e etc. Corrigido.^- As caravanas da IA levam em consideração a distância ao escolher seu próximo destino e ficarão um pouco mais propensas a visitar sua própria facção. Esta estratégia é misturada com a do native, portanto o padrão de comércio será diferente, mas não radicalmente.^- Quantidade do ouro dos comerciantes nas cidades variam pela prosperidade (até uma variação máxima de 40%).^- Os preços dos alimentos aumentam em cidades que estiveram sob cerco por pelo menos 48 horas.^- Em cidades, o código de penalidade comercial foi ajustado para tornar mais eficiente a venda de mercadorias a comerciantes especializados nelas.^- A comida tem chance de não estragar, dependendo da Administração do Inventário.^- Aldeias que foram saqueadas têm projetos de construções atrasados.^- Os comerciantes deixam prisioneiros em cidades e castelos.^^Médio:^^- O consumo de alimentos aumenta nas cidades conforme aumenta a prosperidade. O consumo também aumenta conforme o tamanho da guarnição.^- A habilidade de pilhagem dos lordes afeta a quantidade de ouro que eles tiram do jogador ao derrotá-lo.^- A habilidade de liderança dos lordes modifica os custos dos salários das tropas da mesma forma que para o jogador.^- O jogador pode perder ouro quando seus feudos são saqueados, assim como os lordes.^- Da mesma forma que o tamanho do exército dos lordes aumentam conforme o jogador avança, o tamanho dos grupos de mercenários também aumentam para manter a dificuldade. (A taxa é a mesma dos lordes: um aumento de 1,25% por nível.)^- Se o jogador tiver um reino próprio, sua esposa receberá parte do bônus que normalmente seria devido a um soberano. A extensão desse bônus depende do número de feudos que os jogadores possuem. Este bônus não é cumulativo com o bônus de marechal.^- O desgaste é infligido aos feudos dos NPCs se eles não puderem pagar os salários das tropas, mas apenas acima de um certo limite.^- Estranhos não podem montar empresas (aplicada a 1 em vez de 0 , então você tem que fazer algo).^- A prosperidade da aldeia tem um impacto sobre a infestação de bandidos (chance de que a situação saia do controle).^- O ancião da aldeia agora recebe o ouro quando você compra gado.^- Os grupos de agricultores das aldeias carregam os itens estranhos do inventário do ancião, deixados pelo jogador, para a cidade e vendem no mercado.^^Alta:^^- A quantidade total do bônus de ouro semanal concedido aos reis de Calradia permanece constante: conforme os reis vão para o exílio, seus bônus são divididos entre os reis restantes.^- Se algum lorde tiver um excedente pessoal de ouro após os salários do exército, o extra é dividido entre o lorde e os orçamentos de sua guarnição (cada castelo e cidade tem seu próprio cofre para pagar as tropas) com base no fato de o lorde ou qualquer uma de suas fortalezas estiverem com pouco ouro. (Se nenhum estiver com pouco ouro, o lorde leva tudo, como antes).^- A perda de honra em um ato ruim depende em parte da honra do jogador no momento. Quanto mais pura a reputação, maior o efeito de uma única desgraça.^- Mudança na pilhagem: o ouro perdido da aldeia é removido dos impostos ainda não coletados no orçamento semanal (se houver algum) antes de ser removido do lorde.^- Dinheiro para prisioneiros. ^ - Permite cancelar melhorias nos feudos (o dinheiro volta para a economia local, mas as relações sofrem).
ip_morale|A importância da moral das tropas
ip_morale_text|A moral representa a capacidade e disposição das tropas em um exército para reunir a resistência, o valor e a disciplina necessária para enfrentar o frenesi dos combates e das longas marchas. Não é o mesmo que a felicidade das tropas. Tropas de elite podem queixar-se e lamentar-se das dificuldades da campanha, mas logo permanecerão firmemente unidas quando as flechas começarem a voar. Por outro lado, um comandante que dá a seus homens tudo o que lhe pedem pode vir a criar uma tropa muito acomodada, que abandonará a luta ante o avanço inimigo.^^O maior impacto da moral é sobre o comportamento do exército em plena batalha. Ela determina a agressividade das tropas ao enfrentar o inimigo, assim como a probabilidade de que seu espírito venha abaixo e todos fujam apavorados enquanto têm a sensação de que o futuro da batalha está se decidindo contra eles. A moral também afeta a velocidade de um exército em marcha, dado que tropas menos motivadas se moverão mais lentamente, já que os homens não se sentirão motivados a avançar com todas as suas forças e irão querer descansar mais frequentemente, esperando os retardatários. Por fim, um exército com a moral muito baixa começará a sofrer deserções.^^Alguns fatores que afetam a moral são claramente intuitivos. Por exemplo, um comandante carismático com uma reputação vitoriosa pode infundir em seus homens um sentimento de confiança. Os líderes que proporcionam a seus homens um amplo e variado suprimento de alimentos e provisões, e pagam as soldadas a tempo, demonstram que se preocupam com o bem-estar de suas tropas, e é menos provável que as leve ao desastre.^^Há também outros fatores menos intuitivos, em particular os relativos ao sentido de coesão do exército. Em um pequeno grupo muito unido, por exemplo, os homens frequentemente se mostrarão resistentes contra todos os prognósticos desalentadores que enfrentarem, para evitar demonstrar covardia diante dos seus companheiros de armas. Um grande exército, no entanto, pode ter uma fraca coesão, já que o comandante tem menos tempo para supervisionar diretamente a seus homens, ouvir suas queixas, e resolver suas controvérsias. As frequentes batalhas fortalecerão os laços entre os homens, enquanto que os longos períodos de tempo ocioso farão com que as tropas se aborreçam e relaxem muito.^^O relatório da moral, acessível ao clicar no botão "relatórios", permite ao jogador observar como os diferentes fatores afetam a moral de seus homens a cada momento.
ip_economy_a_trade|Economia - Comércio e Manufatura
ip_economy_a_trade_text|As cidades e aldeias em Calradia precisam de uma grande variedade de produtos para que suas populações se mantenham saudáveis ​​e produtivas. O primeiro e mais importante é a comida. Os grãos são a colheita básica de Calradia, mas as pessoas também precisam de gordura e proteína na forma de carne, peixe ou queijo. É preciso quase tanto trabalho para preservar a carne quanto para produzi-la, então o sal também é muito procurado. Depois da comida, vêm as roupas: lã pesada, linho mais leve ou veludo luxuoso. Finalmente, as pessoas precisam das ferramentas de seu comércio: ferro, cerâmica, couro e, claro, armas, armaduras e cavalos de guerra.^^A maioria dos produtos agrícolas são produzidos nas aldeias, enquanto os artesãos nas cidades se especializam em produtos manufaturados ou bens artesanais como tecidos ou ferragens. Além disso, diferentes recursos podem ser encontrados em diferentes partes do país. Consequentemente, a chave para a prosperidade em Calradia é o comércio - tanto entre as aldeias e as cidades, como entre as próprias cidades principais.^^Quando o comércio fluir, os bens estarão disponíveis e acessíveis, a população de um centro será saudável e disposta, e as pessoas virão das regiões próximas. O centro produzirá mais, consumirá mais e poderá contribuir mais em impostos para seus senhores. Quando o comércio acabar, as cidades e aldeias verão seus trabalhadores fugir em busca de trabalho em outro lugar, e a atividade econômica ficará paralisada. Portanto, é do interesse dos governantes proteger as rotas comerciais dos perigos da guerra e do banditismo. Um comerciante esperto, no entanto, pode querer procurar cidades que ficaram isoladas do resto do mundo, pois ele ou ela pode ser capaz de obter um lucro considerável com os desequilíbrios de preços resultantes.^^Porque os camponeses geralmente levam suas mercadorias para comercializar nas cidades, os mercados das aldeias serão lugares bastante tranquilos e os aldeões comprarão barato e venderão caro. Comerciantes sérios ficarão nas cidades para obter lucro, embora algumas grupos possam decidir fazer uma parada rápida em uma aldeia para adquirir suprimentos.^^Um jogador que deseja saber sobre os fatores que afetam a prosperidade de uma região pode falar com o mestre da guilda local em uma cidade. Outras informações podem ser obtidas de pedestres, embora eles possam não saber muito fora de seu próprio comércio específico.
ip_economy_b_banking|Economia - Banqueiros e Latifundiários
ip_economy_b_banking_text|Os banqueiros são, na verdade: agiotas, prestamitas. Cada empréstimo é específico para a cidade de onde você o faz, e a taxa de juros também é específica para a cidade em questão. O valor que você pode pedir emprestado de uma vez é baseado em sua relação atual com a cidade da qual está pegando o empréstimo. Quanto mais baixo for sua relação, menor será a quantidade de dinheiro que pode pedir emprestado a qualquer momento. A taxa de juros começa em 20%, portanto, não tome emprestado mais do que ganha, a menos que saiba que pode gastar esse dinheiro para ganhar mais do que emprestou antes que as 2 semanas acabem. Deixar de pagar o empréstimo diminuirá sua relação com a cidade, e a sua honra, e aumentará a taxa de juros de futuros empréstimos naquela cidade.^^Os Latifúndios são um negócio lucrativo. Ao comprar um terreno (compre movendo o controle deslizante da esquerda para a direita e clicando em verificar, para vender, clique em comprar e ele mudará para vender) é melhor pagar com sua carteira, pois é impossível pagar um empréstimo apenas com o dinheiro ganho com as terras. Existem duas estratégias financeiras quando se trata de propriedade de terras: alavancagem negativa e alavancagem positiva.^^A alavancagem negativa é uma estratégia que significa comprar um terreno para vender quando for mais valioso. Isso funciona melhor quando você compra um terreno em uma cidade com preços de terra baixos e que você especula que aumentará em breve. Esta é uma boa estratégia para conduzir em cidades Swadianas (mais precisamente Suno), já que recebem a maior parte do comércio no geral, mas são mais suscetíveis a ataques de todas as direções. Esse método, entretanto, não é uma estratégia de curto prazo e requer muita perspicácia econômica da sua parte para funcionar. A margem de lucro é menor, mas você ganha mais rápido.^^A alavancagem positiva envolve a compra de terras para ganhar dinheiro quinzenalmente. A alavancagem positiva é uma estratégia de longo prazo que fornece dinheiro por um período indefinido de tempo, no entanto, levará um bom tempo (o tempo médio para lucrar com a compra é de 10 semanas). É eficaz com cidades altamente defendidas e de alto comércio (como Praven e Jelkala) e a renda são baseados na população (a população máxima é de 30000) e na prosperidade da cidade. Um acre pode suportar 200 pessoas. Se a população e a terra estiverem em equilíbrio, o jogador recebe uma renda de "(prosperidade - 50) + 100)" denares por cada acre que possui. Se houver um excedente de terra, cada acre acima da quantidade necessária causa uma penalidade de -1, que é aplicada à renda geral de todos os acres (prosperidade - 50) + 100) - excedente). Se o excedente for maior que 15 acres, os acres fora da faixa de 15 acres não gerarão mais renda e o jogador ainda terá que pagar a manutenção deles (50 denares cada). Todos os outros acres geram a renda calculada (prosperidade - 50) + 100) - excedente).
ip_courtship|Social - Cortejo
ip_courtship_text|Os jogadores podem desejar contrair matrimônio com uma das nobres famílias de Calradia. O casamento não é necessário para que um jogador consiga aumentar seu poder e status social, mas sim para dar aos jogadores a oportunidade de melhorar sua relação com os lordes e estabelecer direitos ao trono.^^Os requisitos do matrimônio são distintos para homens e mulheres. Um personagem masculino geralmente terá que seguir o caminho tradicional de cortejo às damas. Ele deve se estabelecer com uma reputação adequada entre a sociedade aristocrática da Calradia, obter boas relações com os pais ou tutores de sua noiva, e depois conquistar a donzela de acordo com o costume local. Se um jogador fica impaciente, ele pode tentar tomar um atalho... mas haverá consequências em suas relações com outros lordes.^^Um personagem masculino deve estar ciente de que outros lordes estarão competindo contra ele pelo amor das damas do reino. Além disso, os gostos de uma dama são imprevisíveis, e um jogador também pode descobrir que o objeto de seu amor não o ama reciprocamente. Os romances, tanto em Calradia como em outros lugares, nem sempre chegam a prosperar. Claro, um jogador pode recorrer a outros meios menos cavalheirescos para ganhar o coração de uma dama, mas novamente, isso irá causar um impacto negativo em sua reputação.^^Para iniciar no caminho do cortejo, um jogador masculino deverá tentar se envolver na vida social da aristocracia calradiana, frequentando a festas e torneios. Além disso, trovadores e poetas errantes podem servir como um bom dispensário de informações úteis sobre o noivado, o que manterá o jogador atualizado sobre os últimos rumores^^Os personagens femininos também podem se casar... mas deverão ter em mente que a sociedade de Calradia é muito tradicional, e, como aventureiras, elas escolheram um caminho pouco convencional para uma mulher. Em todo o caso, um personagem feminino terá que investir um tempo até encontrar um lorde que tenha a mente suficientemente aberta para se casar com ela.^^Sob uma ótica positiva, um personagem feminino não precisa passar pelos elaborados rituais do cortejo, e também pode ganhar mais de um matrimônio que sua contraparte masculina. Para uma mulher aventureira, o casamento pode ser uma rota rápida para o poder, e uma personagem sem escrúpulos pode ser capaz de usar seu marido como uma ferramenta de suas ambições políticas.
ip_politics|Social - Política
ip_politics_text|Os reinos de Calradia, apesar de apresentarem culturas muito diferentes, todos seguem o mesmo sistema político básico: o feudalismo. O feudalismo se baseia nas relações entre os indivíduos: os juramentos de lealdade prestados por um vassalo a seu senhor. Em retorno deste juramento, o vassalo geralmente receberá um feudo, uma porção de terra cujos recursos serão utilizados por ele para recrutar tropas com as quais apoiarão o soberano em tempos de guerra. Um soberano também tem a obrigação de proteger a seus vassalos, e de tratá-los com justiça.^^Assim é como funciona o sistema, na teoria. Na prática, os vassalos nem sempre desempenham seu trabalho em interesse de toda sua facção, já que muitas vezes lutam entre si. Os nobres têm diferentes personalidades, e às vezes elas se chocam. Ou, talvez dois nobres sejam amigos, mas tal relação pode deteriorar-se depois de uma derrota... ou porque ambos pretendem cortejar a mesma dama. O ciúme virá á tona na medida em que competirem entre si pelo favor de seu rei... talvez sobre as terras recém-conquistadas, ou sobre suas pretensões de ser nomeado marechal do reino, o lorde encarregado da organização das campanhas militares do reino em larga escala.^^Quando um reino em Calradia entra em guerra com outro, a unidade política de cada um deles é tão importante quanto a qualidade ou o número de seus soldados para conseguir um resultado vitorioso. Em um reino coeso, os nobres se unirão em uma grande força para varrer seus adversários antes deles. Em um reino dividido por discussões tolas, haverá lordes que não responderão aos chamados de seu marechal, ou se afastarão para atender seus próprios assuntos se a campanha não estiver indo bem. A coesão política de uma facção também afetará a guerra quando as campanhas não estão em andamento. Em uma facção dividida é menos provável que os lordes se juntem aos ataques e patrulhas, e que ajudem na defesa das terras de outros nobres.^^Se parece improdutivo que os nobres se dediquem a discutir e lutar entre si quando o inimigo está no horizonte, tenha em mente, em última instância, que a lealdade de um nobre não está em uma facção ou cultura em particular, e sim em si mesmo e na sua família. Se um nobre teme que sua facção está desmoronando ou que está sendo descuidada por seu senhor, geralmente ele pode encontrar um motivo para retirar seu juramento de fidelidade, e mudar de lado. Os jogadores devem ter isto sempre em mente, já que podem encontrar boas oportunidades para converter antigos inimigos descontentes em novos aliados.
ip_hunting|Caça de Animais
ip_hunting_text|A caça é um negócio muito lucrativo e, se praticada corretamente, é muito divertida também. Você pode adquirir diferentes troféus e bens, dependendo do tipo de caça. Você pode vendê-los no mercado ou usar a carne para alimentar suas tropas.^Você pode caçar:^^a) Javali^Bandos de javalis podem ser comumente encontrados nas florestas das Terras Nórdicas. Raramente nas florestas ao redor de Suno e Uxkhal.^^b) Iaque^Rebanhos de iaques podem ser comumente encontrados em áreas montanhosas das estepes. Não é estranho encontrá-los também nas montanhas nevadas ao sul e sudeste de Khudan.^^c) Cabras da Montanha^Os rebanhos de cabras da montanha podem ser encontrados nas montanhas Rhodok. Às vezes, elas chegam a alturas mais baixas no delta do rio perto de Uxkhal para conseguir água.^^d) Lobos^As alcateias podem ser encontradas nas áreas nevadas de Calradia ou muito perto delas.^^e) Corças^Geralmente há muitos rebanhos de corças nas florestas Swadianas e áreas ao redor delas.^^f) Cervo^Raramente, ao andar pelas florestas Swadianas, você também avistará um cervo. Seus chifres são muito valiosos e o tornarão famoso.^^Para ser um caçador bem-sucedido, você precisará de:^1. Habilidades de detecção e rastreamento para localizar a presa no mapa da campanha e detectar ameaças a tempo. (Ambas habilidades de grupo).^2. Cavalo e/ou habilidade de Exploração (habilidade de grupo) para perseguir a presa e fugir dos inimigos.^3. Paciência para localizar a presa assim que estiver no local.^4. Lança de caça, arco ou besta e habilidades correspondentes para acertar o animal.^5. Cavalos de Carga para velocidade extra enquanto você carrega seus bens e troféus para a cidade mais próxima para vendê-los.
ip_character_backgrounds|Social - Biografia do Personagem
ip_character_backgrounds_text|O jogador pode optar para que seu personagem em Calradia proceda de uma variedade de origens sociais. Esta escolha afetará não apenas seus equipamentos e habilidades no início do jogo, mas também o curso de sua carreira como aventureiro.^^A guerra e a política em Calradia encontram-se tradicionalmente dominadas pela aristocracia masculina. Um jogador com um personagem de origem nobre receberá um convite ao "clube de velhos amigos" com bastante rapidez, enquanto que as mulheres e os plebeus podem enfrentar alguns obstáculos adicionais no caminho. Se você decidir iniciar o jogo como um homem nobre, pode-se entender que esta é a forma 'fácil' de começar o jogo. Começando como uma dama nobre ou como um plebeu é algo mais difícil, e, claro, começando como uma plebeia o jogador provavelmente encontrará a maneira mais desafiante de iniciar o jogo.^^No entanto, as mulheres possuem também algumas vantagens no início. Tradicionalmente é mais fácil para uma mulher se casar e subir socialmente do que é um homem, e uma mulher pode perceber que ganha mais de uma estratégica aliança marital do que sua contraparte masculina.^^Por último, o jogador deve estar ciente de que o jogo não limita a mobilidade ascendente dos personagens baseando-se unicamente em seus antecessores. Nobre ou plebeu, homem ou mulher, casado ou não... qualquer um pode chegar a se tornar o soberano de toda a Calradia, se for suficientemente corajoso, afortunado ou habilidoso.
ip_military_campaigns|Campanhas Militares
ip_military_campaigns_text|Quando os reinos de Calradia marcham para a guerra, seus exércitos têm duas opções ofensivas básicas. Eles podem tentar atacar as aldeias e destruir os campos, danificando o prestígio e a economia de seus inimigos, ou então, tentar conquistar e manter castelos ou cidades, ganhando novos territórios. Esta última implica em longos e sangrentos cercos, mas trarão resultados decisivos.^^É importante salientar que nos domínios de Calradia não há exércitos permanentes, que permaneçam no campo de batalha apenas aguardando ordens do governante. Em vez disso, os reinos calradianos estão protegidos pelas comitivas feudais compostas pelos nobres mais importantes e seus séquitos individuais. Às vezes, estes nobres lançam ataques por sua conta contra o território inimigo, mas os acontecimentos mais decisivos geralmente ocorrerão quando os grandes exércitos dos reinos se chocarem. O marechal do reino, um nobre designado pelo rei, convocará as tropas antes da campanha e os conduzirá à batalha. No entanto, ele deve ter o cuidado de não mantê-los no campo por muito tempo, caso contrário, os exércitos começam a desintegrar-se, já que os vassalos decidirão seguir seus próprios caminhos e o exército se tornará vulnerável a qualquer contra-ataque.^^Por esta razão, o ritmo das guerras em Calradia muitas vezes se assemelha ao ritmo de um duelo entre dois combatentes individuais. Um lado reunirá sua força e procurará dar um golpe contra o território do inimigo. Se o marechal passa muito pouco tempo reunindo os vassalos, ele pode não ser capaz de causar reais danos. Se ele gasta muito tempo, a campanha pode terminar antes mesmo de ter começado. Um reino grande terá vantagem sobre outro menor, assim como um combatente forte tem uma vantagem sobre um inimigo menor, mas a coesão política de um reino também pode ser um fator, assim como um lutador com grande resistência pode durar mais que seu oponente. Às vezes os exércitos dos reinos se encontrarão cara a cara, resultando em uma grande batalha onde a superioridade numérica e a moral das tropas decidirão o resultado.^^Os reinos devem agir com inteligência em suas campanhas militares. Antes de atacar, convém enviar batedores para explorar o território inimigo e saber quais fortalezas podem ser mais vulneráveis. Um exército que defende sua pátria se beneficiará claramente das defesas apresentadas em castelos e cidades, que transmitem informação sobre os movimentos do inimigo na área. No entanto, estes relatórios também serão imprecisos, especialmente no que diz respeito ao número de tropas inimigas. Uma força defensora que defende um cerco ou resgata uma aldeia pode ser capaz de reprimir um atacante despreparado... ou pode calcular mal, e descobrir que é ele quem está sendo superado. Um exército atacante, por sua vez, deve ter cuidado à medida que avança pelo território inimigo, já que às vezes há marechais agressivos que aventuram-se mais além do que se aconselha a prudência.^^Espera-se que os jogadores se juntem às campanhas militares de sua facção, seja unindo-se à coluna principal do exército, ou explorando à frente em território inimigo. Alguns jogadores podem achar que o marechal de seu reino é muito prudente ou agressivo demais para seu gosto. Neste caso, eles podem conspirar com outros lordes para tentar substituir o marechal, ou conseguir apoios para se tornar o próprio marechal.^^A maioria das guerras são de duração limitada. Um rei que vai à guerra, por uma questão de honra, se sente obrigado a manter vivo o conflito em curto prazo. No entanto, a menos que seja profundamente importante derrotar seu inimigo, em breve ele poderia começar a procurar uma solução para o conflito, para evitar tornar-se vulnerável ao ataque de um terceiro. Os governantes de Calradia são muito conscientes de que o aliado de hoje pode ser o inimigo de amanhã, e vice-versa.
ip_companions_overseer|Visão Geral do Exército
ip_companions_overseer_text|Visão Geral do Exército é uma interface completamente nova e totalmente projetada para o gerenciamento do inventário e equipamento do seu grupo, bem como para monitorar os atributos, habilidades e proficiências atuais de seus companheiros e tropas. Acesse-o pressionando "O".^^Abra a tela de companheiros diretamente do Gerenciador. Você também pode abrir telas de personagens para suas tropas regulares e lordes. Gerencie seu próprio equipamento e inventário, duplicando a funcionalidade da tela de inventário padrão do jogo, mas com muitas opções extras. Todos os pré-requisitos do item são seguidos e respeitados. Navegue e gerencie equipamentos para todos os seus companheiros em uma única janela. Você não precisa mais alternar entre dezenas de janelas diferentes apenas para passar uma espada de um companheiro para outro. Ofereça equipamentos aos seus companheiros. Se for melhor do que o que eles têm atualmente, eles irão trocar seus equipamentos. Você pode oferecer equipamentos para um companheiro ou para todos eles com um único clique do mouse.
ip_horses|Cavalos, Camelos, Elefantes...
ip_horses_text|Cada facção desenvolveu as suas próprias raças de cavalos e/ou outras montarias. Algumas facções têm uma tradição mais antiga e, portanto, são mais experientes. No entanto, todas as raças de cavalos em Calradia têm características distintas.^Montarias do Mod (em ordem aleatória):^^1) Burro^Os Rhodoks conseguiram domar este animal teimoso mas muito apreciado. Ele os serviu bem nas montanhas íngremes e rochosas. É a montaria de carga mais barata. Coloque alguns no seu inventário para acelerar as suas viagens quando estiver transportando cargas. Requer alguma habilidade para ser montado.^^2) Mula^Uma mula é a prole de um burro e de uma égua. Os Rhodoks estão muito orgulhosos deste cruzamento de raças. Alta e rápida, quase como um cavalo e resistente e inteligente como um burro. A melhor solução para os caminhos estreitos e íngremes das montanhas Rhodoks. No começo este incrível animal pode ser sua montaria primária. Após melhorar suas habilidades, pode colocá-lo em inventário como montaria de reserva/carga ou passá-lo a um dos seus companheiros..^^3) Cavalo de Carga^Disponível em quase toda parte. Cavalo resistente. Pode ser montado, mas de resto é utilizado principalmente como cavalo de carga.^^4) Garrano^Um garrano é geralmente um animal de tamanho inferior ao normal, um tipo de cavalo pequeno muito resistente, disponível nos mercados Nórdicos. É muito amigável para o cavaleiro, portanto, se você ou um de seus companheiros é um cavaleiro não qualificado, esta montaria pode ser uma ótima escolha. ^^5) Pónei Highland^É a maior das raças de pôneis das Terras Nórdicas. Normalmente utilizado como cavalo de trabalho. É um pouco mais rápido que o Garrano, mas menos manobrável e menos resistente.^^6) Hobby^A raça mais antiga das Terras Nórdicas não possuem nenhuma particularidade distinta especial. É acessível, portanto, é muitas vezes utilizado como cavalo de carga.^^7) Rouncey^Não exatamente uma raça, mas mais como uma definição de cavalo para todos os fins básicos. Utilizado para cavalgar, combater e por vezes como cavalo de carga. Espalhado por toda a Calradia mas considerado como tendo raízes de raças Swadianas.^^8) Corcel^Alto, leve, rápido e forte. Primeira escolha para a cavalaria leve. Esta raça Swadiana é de fato a raça mais rápida de Calradia. Respeitada por todos, elogiada pelos caçadores.^^9) Corcel de Batalha Swadiano^O cavalo de guerra mais elegante e mais forte, geralmente um garanhão. Preto, por vezes pampo e muito raramente cinzento, com dorso curto e lombo bem trabalhado, ossos fortes, e um pescoço bem arqueado, esta raça swadiana é o melhor cavalo de cavalaria pesada de Calradia. A par de grandes características genéticas, estes cavalos são reproduzidos e criados desde quando ainda são potros, especificamente para as necessidades da guerra..^^10) Corcel de Batalha Vaegir^Este magnífico animal é o carro-chefe da criação Vaegir. Caracterizados por seus cabelos longos e cores de pele louras. Assim como seus irmãos Swadianos, esses animais são magníficos cavalos destinados à cavalaria pesada. Talvez não tão destemidos quanto os swadianos, mas certamente mais duráveis e resistentes.^^11) Cavalo da Estepe^Pequeno em tamanho, o mais comum e bem distribuído cavalo Khergita. Na verdade não é uma raça, e sim cavalos selvagens das estepes que foram domesticados. É o cavalo mais comprado para todos os fins, é acessível porque há um grande número deles.^^12) Turcomano^Raça Khergita. É amplamente presumido que é uma raça cruzada entre o cavalo selvagem da estepe e o árabe. Uma melhoria geral em relação a um cavalo da estepe, talvez apenas um pouco menos manobrável devido ao tamanho maior.^^13) Akhal-Teke^Eles são um símbolo Khergita. Possuem uma reputação de velocidade, manobrabilidade e resistência, inteligência e um brilho metálico distinto. A pelagem brilhante de palominos e peles de gamo levou ao seu apelido de Cavalos Celestiais. Mais estreito no corpo, mas muito mais longo do que o turcomano ou mesmo do que qualquer outra raça de cavalo em Calradia. Isso ajuda a dissipar o calor rapidamente, mas também é uma grande ajuda para se virar e girar na sela, o que é inestimável para arqueiros montados Khergitas que precisam atirar em qualquer direção, ao contrário de lanceiros que precisam de um pé firme para empurrar uma lança. O arremesso de lança de um cavalo seria muito mais fácil em um cavalo turcomano com um corpo mais largo e também ajudaria a fazer as curvas fechadas que o combate corpo a corpo exige.^^14) Cavalo do Deserto^Apesar do ambiente hostil em que vivem, esses cavalos geralmente estão em boas condições. O cavalo do deserto é um animal ligeiro conhecido pela sua resistência. O cabelo escovado é uma das suas maiores características. É um cavalo muito acessível que naturalmente não fica muito atrás do camelo.  ^^15) Árabe^Os sarranides se consid
ip_sailing|Mar: Navegação / Comércio / Batalhas
ip_sailing_text|Cada cidade costeira possui um porto onde você pode comprar um barco. Depois de pagar o preço, você estará no convés de seu novo barco, pronto para navegar. Para embarcar, você também precisa trazer uma tripulação.^^Se desejar desembarcar, simplesmente navegue perto da costa e clique em uma cidade/vila/castelo próximo ou em qualquer grupo em terra. Assim que seu navio estiver perto o suficiente da costa, uma tela aparecerá perguntando se você deseja deixar seu barco.^^Seu barco ficará no local até você retornar a ele e embarcar novamente.^^O vasto mar de Calradia é o lar dos Corsários (frequentemente encontrados próximos às terras nórdicas) e dos Piratas (geralmente em águas Rhodoks/Swadianas). Se o seu navio se envolver em uma batalha, um novo cenário aparecerá onde você lutará no convés do barco.^^Os mercadores também usam as rotas de viagens rápidas sobre o mar, vários comerciantes de diferentes facções enviarão seus navios ao mar para obter lucro. As cidades costeiras lucrarão com eles.
ip_underground_and_undercover|Operações subterrâneas e secretas
ip_underground_and_undercover_text|Para obter acesso a uma ampla gama de opções, você primeiro precisa construir uma Base Secreta. Ela pode ser construída em qualquer lugar do mapa, ao melhorar o Esconderijo. Para construir o Esconderijo, você precisará de algum ouro, ferramentas e, para melhorá-lo, também precisará de tábuas. Você pode possuir um total de 2 dessas estruturas ao mesmo tempo. Ambas as estruturas têm uma limitada, mas diferente, capacidade de homens.^^A Base Secreta permite ao jogador contratar quatro personagens NPC especiais - também conhecidos como líderes da gangue e, através deles, acessar novas mecânicas.^^A Madame, Adam, o Leproso - Recrutador de bandidos , Galeas, o Escravagista e Russel, o Coruja - Contrabandista. Eles o ajudarão a reunir todos os tipos de informações, manter as tropas felizes, recrutar novas tropas de bandidos, trazer comida e outras necessidades, comprar escravos e bens roubados de você e muito mais...
ip_ludus_calradius|Ludus Calradius
ip_ludus_calradius_text|Ludus Calradius - o lugar mais louco e divertido de todos. O circo de Calradia, principalmente uma arena e uma academia de treinamento de combate, construído sobre os destroços de Zendar. Você pode assistir os melhores lutadores lutarem e derramarem sangue, apostar no vencedor ou lutar, mas só depois de provar o seu valor. O Ludus também é o melhor lugar para ir se você tiver prisioneiros de alto nível para vender. Lanista pagará muito por sangue novo e promissor. Lutas de gladiadores contemporâneas, Lutas de gladiadores romanas, Lutas de gladiadores históricas, Justas e Lutas de Punhos.^^Lutas de gladiadores romanas^Todos os tipos de gladiadores romanos mais conhecidos com seus equipamentos tradicionais: Murmillo, Retarius, Thraex, Secutor. Hoplomachus, Provocator, Eques, Saggitarius, Noxii e o mais antigo entre eles gladiador Samnite. Combinados da mesma forma que na Roma antiga, por ex: Murmillo lutará apenas contra Retarius, Thraex ou Hoplomachus. Para apimentar as coisas, há também 3 contra 3, 5 contra 5 e, finalmente, até o último homem de pé (partida mortal de 6 homens). Lute ou assista, e aposte!^^Lutas históricas de gladiadores^Você já se perguntou como seria um Hoplita grego se enfrentasse um legionário romano ou um viking? Agora você pode encontrar a resposta assistindo ou lutando nessas partidas você mesmo, todas vindas como uma parte da exibição do Ludus Calradius. Atualmente em destaque estão: Guerreiro Asteca, Hoplita Espartano, Samurai Japonês, Viking, Legionário Romano, Imortal Persa, Trácio, Lançador Egípcio e por último mas não menos importante, Guerreiro Celta. Nesse caso, as correspondências são aleatórias e qualquer conflito é possível. Todos vêm equipados com seus equipamentos tradicionais.^^Justas^Dois cavaleiros em armaduras brilhantes de placas, em cavalos com barda comprida, com lanças coloridas e elmos com plumas, frente a frente. Logo após o início, os dois cavaleiros espoream seus cavalos para entrar no galope, conforme eles se aproximam rapidamente, abaixam e apoiam suas lanças com o objetivo de acertar seu rival antes que eles sejam atingidos... Cada partida de justa consiste em duas partes, uma justa e uma luta corpo a corpo . A Justa dura enquanto os dois lutadores ainda estão na sela. Se ambos permanecerem na sela ou se o cavalo de alguém for atingido, é considerado inconclusivo e reiniciado o mais rápido possível. Quando finalmente um combatente é derrubado, ambos trocam suas armas e a partida continua a pé. Os nobres são automaticamente qualificados para as Justas e Lutas de Punhos.
ip_tournaments|BP Prêmios de Lutas - Torneios
ip_tournaments_text|No BannerPage, cada cidade tem um torneio completamente único e diferente. Tudo difere, a estrutura da arena, armas, escudos, armaduras usadas, montarias. Tudo depende da cultura do local. Então, por exemplo, nas terras Nórdicas você lutará com um machado, lança e escudo e sem cavalos, em Swadia com lanças longas, etc. As estruturas da arena tentam se adaptar a essas escolhas tradicionais de itens, então, para chegar ao topo, o jogador é pressionado a desenvolver táticas únicas para cada um desses torneios. Eles são geralmente muito mais difíceis, um verdadeiro desafio. Seria muito difícil ser o último homem em cada rodada para progredir, portanto, poucas outras mudanças foram implementadas.^^O sistema para ganhar torneios não depende mais de sobreviver para ser o "último homem de pé". Em vez disso, você ganha pontos com base no desempenho, sendo o vencedor o participante com mais pontos acumulados. Após uma partida do torneio, você será direcionado para uma tela de classificação pós-combate que mostra como todos se saíram na rodada atual e pode ser usada para mostrar a classificação total do torneio.^^A participantes da IA melhoraram substancialmente em capacidade. A IA das tropas de heróis foi aprimorada ainda mais. A seleção de equipamentos deles é tão aprimorada quanto a sua e eles alternarão mais dinamicamente entre armas de longo alcance e corpo a corpo.^Ser eliminado em uma partida do torneio não causará mais desqualificação ou encerrará a rodada atual. Sua equipe ainda pode continuar a "ganhar a rodada".^A classificação do torneio agora é rastreada pela pontuação individual do participante, em vez de pela simples sobrevivência. Isso garante que o desempenho seja o fator chave na classificação do torneio, e não simplesmente ser a última pessoa de pé.^^Você pode aumentar sua pontuação de várias maneiras: ^1) Ao derrotar um oponente, você ganha 1 ponto.^2) Sobrevivendo até o final de uma rodada, você ganha 2 pontos.^3) Ser o membro da equipe com maior pontuação em uma rodada dá a você 1 ponto.^^Apostas^ O sistema de apostas foi completamente reformulado a partir do native. Você não precisa mais definir uma aposta antes de uma partida. Sua configuração de aposta será persistente no painel de opções e será aplicada no início de cada partida, desde que você tenha os fundos necessários.^As apostas agora são feitas usando os controles deslizantes "Aposta" e "Objetivo". Usando o controle deslizante "Aposta", você define quantos denares deseja apostar. Usando o controle deslizante "Objetivo", você define a dificuldade de sua aposta dizendo quantos pontos ganhará na rodada. Quanto mais apostar e quanto maior for o seu objetivo, maior será o seu pagamento. Uma coisa a observar é que o sistema leva em consideração a dificuldade de obter seu objetivo. Estipular um objetivo de 5 pontos é muito mais fácil em uma partida com 32 participantes do que em uma com apenas 16 participantes. O pagamento será ajustado de acordo.^^Existem muitas outras novidades e opções de jogador para escolher, para todos os detalhes visite as Opções de Torneio acessíveis através do menu de Acampamento.
ip_capaign_map_speed|Mudança na Viagem. I - Velocidade e fadiga das tropas
ip_capaign_map_speed_text|Suas tropas precisam de descanso regular. Se elas não descansarem e acumularem fadiga, isso refletirá em sua velocidade de movimento e em sua moral.^^Muitos fatores determinam a rapidez com que ficam cansadas e o quanto a fadiga acumulada os afeta.^Tamanho do exército, carga, fome, número de cavalos, renome do líder, habilidades e terreno.^^Os lugares mais seguros para descansar são as cidades e os castelos. No entanto nem todos são acolhedores, então existe a opção de montar um acampamento. O acampamento também pode ser entrincheirado, consulte o próximo conceito para obter detalhes.
ip_battle_d_entrenchment|Mudança na Viagem. II - Acampamento Entrincheirado
ip_battle_d_entrenchment_text|Quando seu exército monta acampamento, você tem a opção de entrincheirá-lo. Um acampamento entrincheirado é uma posição temporariamente fortificada usando o terreno e piquetes como barreira defensiva. Exércitos compostos principalmente por unidades de cavalaria terão poucos benefícios com o entrincheiramento. Exércitos compostos principalmente de soldados de infantaria descobrirão que o entrincheiramento lhes dará uma vantagem significativa sobre as unidades de cavalaria. Os soldados não gostam de cavar buracos e plantar piquetes, então você sofrerá uma pequena penalidade na moral ao escolher esta opção.^^Se você optar por não entrincheirar seu acampamento, estará em desvantagem se for atacado durante o acampamento. Seu acampamento pode ser invadido e saqueado. Os itens em seu inventário podem ser saqueados ou destruídos na batalha. Um entrincheiramento recebe o benefício de múltiplas recargas de munição para as tropas durante a batalha. Um acampamento normal não obtém esse benefício.^^Para consolidar sua posição, você precisará de ferramentas, tempo e habilidade. As ferramentas podem ser compradas em mercadores nas muitas cidades de Calradia, e deve ser colocada em seu inventário. O tempo necessário para se entrincheirar é baseado no número de soldados em seu exército e na habilidade do seu grupo em engenharia. Um pequeno grupo de guerreiros sem nenhuma habilidade em engenharia levará dias para entrincheirar um acampamento. Um exército de 30 ou mais homens com alguns pontos em engenharia pode fazer isso em apenas algumas horas.^^Quando você completar o entrincheiramento, um círculo de piquetes cercará seu acampamento.
ip_duels|BP Prêmios de Lutas - Duelos
ip_duels_text|Um duelo é uma batalha de simples 1 contra 1, entre você e outro lorde. Muitas disputas podem ser resolvidas pelo Duelo - Combate Singular. Por exemplo, se você forçar um lorde a renunciar suas intenções para com uma lady ou denunciá-lo abertamente, há grande possibilidade de que ele o desafie para um duelo. Isso geralmente resulta em uma perda de relação com a lady também. Pode ser essêncial ter um bom desempenho em uma ocasião tão importante, então seria sábio desenvolver sua habilidade de luta. Felizmente, quase todos os lordes, aceitarão um desafio de duelo amigável.^^Para ter um duelo amigável, você deve falar cara a cara com um Lorde (Gostaria de lhe fazer uma pergunta). Se você for um desafiante adequado (grande renome), eles certamente aceitarão a oferta, porque recusar apenas diminuirá a reputação deles.^^Ganhar ou perder um duelo terá várias consequências. Se você vencer, terá renome. Se o seu oponente for famoso, você ganhará muito; se ele for menos famoso do que você, você pode acabar por não ganhar renome. Se você perder de alguém famoso, sua reputação não será prejudicada, ao passo que, se você for humilhado por alguém inferior a você, sua reputação cairá consideravelmente.^O relacionamento com o senhor também mudará. Todos os lordes reagirão de maneira diferente dependendo de sua personalidade e do resultado do duelo. Alguns o respeitarão mais depois que você os derrotar, alguns o desprezarão.^^Em um duelo amigável, você pode, como desafiante, escolher um conjunto de armas e se você lutará a pé ou montado. Estudas o lorde em questão antes do combate pode aumentar suas chances de vencer um duelo.^Você pode escolher lutar com suas próprias armas, portanto, pode ser viável investir e adquirir equipamento de duelo profissional.^^Há um relatório especial que calcula sua pontuação final. Se você for bom, isso lhe ajudará a construir sua fama e também pode ajudá-lo a forjar algumas amizades , mas não todas.^^Lordes de Swadianos podem ser desafiados para justas.
ip_custom_troops|BP Tropas Personalizadas
ip_custom_troops_text|Várias condições devem ser atendidas para que você seja capaz de criar suas tropas personalizadas:^^a) Você deve ser o Rei.^^b) Você deve controlar uma cidade.^^c) Um de seus companheiros precisa ser nomeado como ministro.^^^Se todas as condições acima forem atendidas, você poderá falar com o chanceler em sua corte e obter uma nova opção de diálogo para mudar a cultura da facção. Mude a cultura para a Facção do Jogador ou qualquer outra.^Se a cultura da Facção do Jogador for escolhida, os Voluntários das Tropas Personalizadas aparecerão nas aldeias do seu reino. Dê a eles até 72 horas (3 dias) para aparecerem pela primeira vez.^^Para mudar o equipamento ao seu gosto, simplesmente comece a falar com eles.^Observe que você não pode alterar os nomes das tropas personalizadas no jogo.
ip_freelancing|Freelancer Mod
ip_freelancing_text|O Freelancer dá ao jogador a opção de mergulhar no combate entre os Lordes de Calradia servindo na linha de frente, você não é mais o comandante, mas serve a seu Senhor como um soldado. Será melhor se você escolher esta opção em algum momento no início do jogo.^Você ganhará experiência no exército de seu comandante e, à medida que for avançando, adquirirá equipamentos cada vez melhores. Depois de terminar a campanha, você tem permissão para manter seu equipamento e, além disso, também pode manter sua parte justa da pilhagem. Se você estiver com fome, o intendente o alimentará.^Com o tempo, você ganhará o respeito de outros soldados e terá a opção de se rebelar contra seu comandante ou abandonar seu posto. Isso certamente não será percebido como um ato heróico.^Quando as lutas se tornarem demais para você ou você precisar cuidar de seus próprios negócios pessoais, existe a opção de tirar uma licença pessoal.^^Se for preso, você terá duas semanas para se libertar e retornar ao seu comandante, caso contrário, você será considerado desertor. Isso trará algumas perdas de relação.^Da mesma forma, se seu comandante for preso, você terá duas semanas para tirá-lo da prisão ou será proclamado desertor. Ele pode eventualmente ser solto ou pode escapar de si mesmo, mas é importante voltar para ele em duas semanas. Se você decidir libertá-lo, certifique-se de falar com alguns dos parentes dele para obter a missão de resgate. Na aldeia próxima ao local onde ele se encontra prisioneiro, fale com o ancião da aldeia para acender uma grande fogueira à meia-noite para distrair os guardas.^^Freelancer 1.6 ^ Nota: Todos os bugs conhecidos foram removidos, incluindo aquele que costumava criar um clone do jogador após ser preso.
ip_recruitment_a|BP Recrutamento I - Tropas Regulares
ip_recruitment_a_text|Os tropas regulares são mais baratas de se manter e evoluir e devem representar o núcleo do seu exército. Elas são recrutadas nas aldeias. Você terá a opção de Recrutar Voluntários depois que duas condições forem atendidas:^^Primeira condição - a população da aldeia deve ser pelo menos indiferente a você ou, em outras palavras, (0).^^Segunda condição - apenas um dos seguintes deve ser cumprido:^^a) você tem boa relação com o Senhor da aldeia ou pelo menos (4) ou^ b) você pertence à facção da aldeia ou^c) a aldeia pertence a antiga facção do pretendente apoiado ou^ d) o povo da aldeia pensa positivo sobre você (8).^^Se o recrutamento for bem-sucedido, você receberá recrutas da facção.
ip_recruitment_b|BP Recrutamento II - Tropas de Elite
ip_recruitment_b_text|Cada facção possui unidades de guardas de elite. Verifique o relatório da árvore de tropas para obter detalhes. Eles só podem ser recrutados nas cidades e após três condições terem sido atendidas:^^Primeira condição - a população da cidade deve vê-lo positivamente (10).^^Segunda condição - você tem que estar em boas relações com o Lorde da cidade (5), claro que isso só se aplica se você não for o Lorde da cidade.^^Terceira condição - apenas um dos seguintes deve ser cumprido:^^a) você pertence à facção da cidade ou^b) sua relação com a facção da cidade é positiva (15) ou superior ou^c) a cidade pertence à antiga facção do pretendente apoiado ou^d) a cidade adora você (30) ou^e) O Lorde adora você, sua relação com o Lorde da cidade deve ser de (15) ou mais.
ip_recruitment_c|BP Recrutamento III - Avançado
ip_recruitment_c_text|Existem duas maneiras alternativas de contornar o recrutamento condicional de tropas de facção explicadas nos dois primeiros capítulos.^^^a) Recrutamento por meio de profissionais terceirizados^De vez em quando, nas tavernas, você encontrará um profissional de recrutamento. Eles não ficam parados em um lugar, mas viajam constantemente ao redor da Calradia. Eles podem fornecer a você qualquer tipo de tropa de facção, mas o farão a um custo.^^b) Recrutamento pelo Comissário^Quando você possuir um castelo ou uma cidade, poderá nomear um comissário. Quando ordenado, ele enviará recrutadores que coletarão as unidades de nível um da facção desejada, viajando de aldeia em aldeia até que a quantidade especificada de unidades seja alcançada. Depois disso, eles retornarão ao seu feudo. Dessa forma, é possível recrutar novas unidades quase automaticamente enquanto você pode direcionar sua atenção para outros assuntos importantes em mãos. Esteja ciente de que esses grupos de recrutadores podem ser capturados e/ou mortos por qualquer força hostil durante a viagem e os denares investidos serão perdidos permanentemente, portanto, use esta opção com cuidado.
ip_recruitment_d|BP Recrutamento IV - Mercenários
ip_recruitment_d_text|Todas as tropas devem ser pagas. Esse tipo de declaração implica que todas as tropas são mercenárias. No entanto os mercenários do jogo não pertençam a nenhuma facção. Eles custam mais para recrutar e manter do que as tropas regulares da facção. Por outro lado, algumas dessas tropas são profissionais de alto nível e, em alguns casos, até melhores do que as melhores tropas de facção.^É aconselhável usar mercenários no início do jogo quando a maioria das outras tropas, e especialmente as tropas de qualidade, não estão disponíveis.^Em qualquer estágio do jogo, eles também são a opção mais rápida para complementar suas tropas regulares a fim de melhorar seu grupo e ampliar as opções táticas.^Alguns mercenários também têm capacidades únicas e, portanto, podem ser utilizados como forças-tarefa especiais.^^Você pode encontrar-los nas tavernas das cidades e recrutá-los falando diretamente com eles.
ip_recruitment_e|BP Recrutamento V - Prisioneiros
ip_recruitment_e_text|Quando você derrota alguém em batalha, você tem a opção de libertar seus prisioneiros ou recrutá-los gratuitamente.^^Recrutando seus próprios prisioneiros. Enquanto acampa, você também pode tentar recrutar seus prisioneiros. Se você for bem-sucedido, há uma chance de eles usarem isso como uma oportunidade e fugirem.^^Observe que algumas tropas no jogo só podem ser adquiridas dessa forma, Caçadores de Recompensas (Escravagistas) são apenas alguns deles.
ip_recruitment_f|BP Recrutamento VI - Recrutamento Forçado
ip_recruitment_f_text|Quase sempre você pode entrar na aldeia e forçar os agricultores a segui-lo. Eles se tornarão Recrutas, os mercenários de classificação mais baixa. Desta forma, com algumas habilidades decentes, você pode recrutar um pequeno exército muito rápido. Essa também é a opção mais fácil e econômica, mas não sem um custo. Terá impacto na sua reputação, na prosperidade da aldeia e em algumas relações.^^O seu sucesso dependerá de vários fatores:^a) Prosperidade da aldeia, não é possível obter pessoas de aldeias vazias.^B) Relação com a facção da aldeia. Se for muito negativa, sua fama chegará na aldeia antes de você e os homens conseguirão fugir e se esconder.^C) Se a aldeia realmente te odeia, eles vão preferir morrer do que segui-lo.^d) Suas habilidades.
ip_recruitment_g|BP Recrutamento VII - Bandidos
ip_recruitment_g_text|Para obter acesso aos bandidos, você precisa construir uma Base Secreta e contratar um Recrutador de Bandidos.
ip_recruitment_h|BP Recrutamento VIII - Camponeses 
ip_recruitment_h_text|Para ter a habilidade única de recrutar camponeses, você precisa começar um jogo como Líder de uma Rebelião Camponesa. Então, há duas maneiras: você os intercepta no mapa da Campanha enquanto eles estão viajando. Ou tenta recrutá-los nas aldeias. Lembre-se, o Ancião quase nunca irá apoiá-lo, você precisará obter alimentos e novos recrutas diretamente dos aldeões. 
ip_nobility_titles|BP Social - Títulos de Nobreza
ip_nobility_titles_text|Os títulos variam de reino para reino, a interpretação mais comum é:^Governante da facção:^Rei(Reino do Jogador), Kaiser(Sacro Império Swadiano), Czar (Czarado Vaegir), Khagan (Khanato Khergita), Rei (Terras Nórdicas), Doge (República Rhodok), Sultão (Sultanato Sarranide)^As descrições de título a seguir terão a mesma ordem de facção.^^Duque (senhor de uma cidade):^Um duque é, historicamente, o posto mais alto abaixo do monarca, e historicamente controlam um ducado. O título vem do latim Dux Bellorum, um termo que os antigos cronistas romanos usavam para descrever os líderes de guerra tribais germânicos e celtas.^Na Idade Média, o título significava o primeiro entre as monarquias germânicas. Os duques eram os governantes das províncias e os superiores dos condes nas cidades e, mais tarde, nas monarquias feudais, os vassalos de mais alto títulos dos reis.^Duque, Herzog, Kniaz, Khan, Hertug, Duce, Pasha^^Conde (senhor de um castelo):^Earl era a forma anglo-saxã e jarl, a forma escandinava de um título que significa "chefe" e referindo-se especialmente aos chefes designados para governar um território em lugar de um rei. Na Escandinávia, tornou-se obsoleto na Idade Média e foi substituído por duque (hertig/hertug); na Grã-Bretanha medieval posterior, tornou-se o equivalente ao conde continental.^Conde, Graf, Grof, Noyan, Jarl, Conte, Beg^^Barão (senhor de uma aldeia):^A palavra barão vem do Francês Antigo baron, ela própria de Antigo Alto Alemão e do Latim (liber) baro que significa "homem (livre), guerreiro (livre)"; fundiu-se com o Inglês Antigo cognato beorn que significa "nobre".^Barão, Freiherr, Boyar, Darga, Thegn, Barone, Agha^^Cavaleiro (nobre sem terras):^Um cavaleiro é um homem a quem foi concedido um título honorário de cavaleiro por um monarca, principalmente em reconhecimento de seus ilustres sucessos em combate e lealdade demonstrada. Durante a Alta Idade Média, o título de cavaleiro era considerado uma classe de baixa nobreza.^Cavaleiro, Ritter, Rytsar, Baghatur, Hersir, Cavaliere, Emir^^Os equivalentes femininos são:^Governante:^Rainha, Kaiserin, Princessa, Khathun, Rainha, Dogaressa, Sultana^^Duquesa:^Duquesa, Herzogin, Kniagina, Hatun, Hertuginde, Duchessa, Pashana^^Condessa:^Condessa, Grafin, Grafinya, Behichi, Grevinne , Contessa, Begum^^Baronesa:^Baronesa, Freiin, Boyarina, Behi, Thegnfru, Baronessa, Aghum^^Senhora:^Senhora, Frau, Dvorianska, Beiji, Fru, Signora, Sayyida^^Além disso, filhas solteiras, sem terras (ou irmãs) são nomeadas da seguinte forma:^Donzela, Madchen, Devitsa, Gonji, Lady, Donzella, Eadhra^^Os títulos vêm do inglês, alemão, russo, mongol (ou chinês), norueguês antigo (ou norueguês médio), italiano, Turco e árabe.^^Os títulos mongóis deveriam ter o nome colocado antes do título, equivalentes femininos de alguns dos títulos não estavam disponíveis e foram inventados.^^Companheiros que se encontram no grupo são intitulados como Companheiros.^Outros companheiros que não são vassalos são intitulados como Heróis se eles não tiverem nenhuma especialidade, caso contrário:^Diplomata: mais adequado para a diplomacia.^Estrategista: tem um bom conhecimento de habilidades táticas relacionadas, incluindo engenharia e treinamento. ^Batedor: um mestre em reconhecimento através do uso de rastreamento, detecção e exploração.^Médico: inclinado para as artes de cura da cirurgia, primeiros socorros e tratamento de feridas.^Comerciante: gerenciamento de bens, seja por meio da barganha ou pilhagem.
ip_battle_a_prebattle|ODPB Mod: Planejamento de Batalha
ip_battle_a_prebattle_text|Um comandante experiente em tática tem mais opções quando vai para a batalha. Em vez de simplesmente atacar, ele pode escolher liderar suas tropas para a batalha (todos vão te seguir) ou simplesmente entrar em campo (todos mantém as posições).^^Aqueles com mais treinamento tático podem criar avançados planos antes da batalha, dando uma série de ordens complexas a cada capitão de divisão para executar quando a batalha começar. Um comandante treinado também pode dizer a seus capitães quais tropas devem atacar na primeira onda e, assim, escolher quais tropas serão posicionadas no início da batalha e quais tropas devem servir como reforços. Esses planos serão lembrados entre as batalhas, mas as ordens relevantes precisarão ser enviadas aos capitães das divisões antes de cada batalha.^^Às vezes é útil dividir o grupo em divisões além dos três padrões de infantaria, arqueiros e cavalaria. Ao examinar o Exército, diferentes tipos de soldados podem ser atribuídos a grupos adicionais e esses grupos recebem nomes. Além disso, conversando com os capitães no acampamento, as tropas do mesmo tipo podem ser divididas em divisões secundárias para que um bom comandante possa ter duas divisões de cavalaria pesada ou infantaria para manobras de flanco. Essas atribuições estarão ativas em muitas batalhas, até que os capitães das tropas sejam instruídos de outra forma.^^Pre-battle Orders & Deployment v0.92.5
ip_battle_b_tactics|ODPB Mod: Táticas de Batalha
ip_battle_b_tactics_text|Durante a batalha, um comandante eficaz dá às tropas sob suas ordens claras para ajudar a conduzi-las à vitória. À medida que a guerra em Calradia continua, ordens e táticas mais avançadas foram desenvolvidas e agora são mais amplamente utilizadas pelos comandantes em campo. Por exemplo, no final das contas, um comandante pode ordenar que as divisões de tropas usem tipos específicos de armas (uma mão, duas mãos, arma de haste ou de longo alcance), bem como empunhar ou não seus escudos. (Além disso, a menos que indicado de outra forma - em Opções do Mod - a tomada de decisão das tropas sobre o uso de armas melhorou para toda a infantaria de armas de haste, cavalaria com lança e arqueiros montados. Essas tropas foram instruídas a usar suas armas de haste, lanças e arcos a menos que estejam separados e cercados por inimigos.)^^As divisões de tropas também podem criar formações coesas, melhorando sua força de combate como uma unidade e mantendo-se mais organizadas no calor da batalha. A infantaria tem a mais ampla variedade de divisões, formando um quadrado de batalha, uma formação de três fileiras com as unidades mais fortes nas primeiras fileiras, uma parede de escudos de três fileiras com os mais resistentes portando escudos na frente e uma cunha para romper formações inimigas liderada pelas tropas mais fortes. As divisões de cavalaria só podem formar a cunha, enquanto os arqueiros a pé só podem formar fileiras. (Se você, o jogador, permitir - nas Opções do Mod - as forças inimigas também podem usar essas formações, tanto com a IA nativa quanto com a IA de formações totalmente reformulada.)^^Os comandantes em Calradia também desenvolveram respostas táticas mais avançadas aos seus inimigos nas décadas de guerra após o colapso do antigo Império de Calrádico. Esses ataques e ordens especiais são úteis para um comandante habilidoso no combate a ameaças específicas ou no uso de sua própria vantagem tática. Por exemplo, tropas de ataque à distância podem ser instruídas a escaramuçar e evitar contato corpo a corpo direto com o inimigo, fugindo até que eles restabeleçam uma distância adequada. Arqueiros e besteiros podem receber ordens para fazerem salva de armas, em vez de à vontade, sincronizando seus disparos e efetivamente retardando o avanço do inimigo. Uma tática útil para a infantaria de arma de haste é apoiar o cabo de suas lanças e piques no chão e contra a parte interna de seus pés, em preparação para receber um ataque de cavalaria. Um comandante de cavalaria inteligente evitará fileiras de lanças preparadas para receber e destruir seus cavalos. (Se você, o jogador, permitir - nas Opções do Mod - as forças inimigas de usarem essas ordens "especiais" avançadas também.)^^Além das ordens adicionais de dizer às divisões como se comportar da melhor maneira, os comandantes também têm a capacidade de direcionar as divisões mirar em divisões inimigas específicas, de modo que a cavalaria possa contra-atacar uma carga de cavalaria ou atropelar arqueiros incômodos e a infantaria pesada pode eliminar as armas de haste inimigas antes de uma investida de cavalaria. Para fazer isso, o comandante deve fazer uso das bandeiras de campo (segure F1) e jogá-las na divisão inimiga; As divisões de selecionadas se moverão para atacar o alvo especificado.^^Se um comandante cair em batalha, as tropas podem continuar lutando assim que seu personagem estiver assegurado para recuperação após a batalha. Um comandante deve especificar (nas Opções do Mod) se as tropas dele devem continuar lutando sob suas ordens anteriores, atacar em uma tentativa de evitar que a maré da batalha se mova contra eles ou fazer com que os capitães da divisão assumam o comando e conduzam a batalha como eles acharem adequado (as formações da IA para a continuação de batalha estão apenas disponíveis se também ativadas para inimigos).^^O tipo de arma e as ordens de formação acima, bem como algumas das manobras/ordens táticas de ataque mais avançadas podem ser descritas como parte dos planos pré-batalha de um comandante.^^Para um comandante inteligente, o pensamento tático não termina no campo de batalha. Ele não apenas faz planos pré-batalha, mas também toma cuidado ao viajar para cidades e aldeia para coletar suprimentos, levando companheiros como escolta. A fim de convencer os companheiros a servirem nesta função e não parecerem tolos, o número de guarda-costas que um comandante usa é baseado na liderança e no renome.^^Pre-battle Orders & Deployment v0.92.5
