lockitver|DO NOT DELETE THIS LINE! Tradução PTBR - 2015-2021 - by Cláudio Vieira e Evandro Neto
trp_multiplayer_profile_troop_male|perfil multiplayer masculino
trp_multiplayer_profile_troop_male_pl|perfil multiplayer masculino
trp_multiplayer_profile_troop_female|perfil multiplayer feminino
trp_multiplayer_profile_troop_female_pl|perfil multiplayer feminino
trp_temp_troop|Temp Troop
trp_temp_troop_pl|Temp Troop
trp_find_item_cheat|encontrar item de trapaça
trp_find_item_cheat_pl|encontrar item de trapaça
trp_random_town_sequence|Sequência aleatória de cidades
trp_random_town_sequence_pl|Sequência aleatória de cidades
trp_tournament_participants|Participantes do Torneio
trp_tournament_participants_pl|Participantes do Torneio
trp_tutorial_maceman|Maceiro
trp_tutorial_maceman_pl|Maceiro
trp_tutorial_archer|Arqueiro
trp_tutorial_archer_pl|Arqueiro
trp_tutorial_swordsman|Espadachim
trp_tutorial_swordsman_pl|Espadachim
trp_novice_fighter|Lutador Novato
trp_novice_fighter_pl|Lutadores Novatos
trp_regular_fighter|Lutador Regular
trp_regular_fighter_pl|Lutadores Regulares
trp_veteran_fighter|Lutador Veterano
trp_veteran_fighter_pl|Lutadores Veteranos
trp_champion_fighter|Lutador Campeão
trp_champion_fighter_pl|Lutadores Campeões
trp_arena_training_fighter_1|Lutador Novato
trp_arena_training_fighter_1_pl|Lutadores Novatos
trp_arena_training_fighter_2|Lutador Não Treinado
trp_arena_training_fighter_2_pl|Lutadores Não Treinados
trp_arena_training_fighter_3|Lutador Treinado
trp_arena_training_fighter_3_pl|Lutadores Treinados
trp_arena_training_fighter_4|Lutador Mercenário
trp_arena_training_fighter_4_pl|Lutadores Mercenários
trp_arena_training_fighter_5|Lutador Mercenário
trp_arena_training_fighter_5_pl|Lutadores Mercenários
trp_arena_training_fighter_6|Guerreiro Veterano
trp_arena_training_fighter_6_pl|Guerreiros Veteranos
trp_arena_training_fighter_7|Veterano Experiente
trp_arena_training_fighter_7_pl|Veteranos Experientes
trp_arena_training_fighter_8|Lutador Veterano
trp_arena_training_fighter_8_pl|Lutadores Veteranos
trp_arena_training_fighter_9|Lutador Campeão
trp_arena_training_fighter_9_pl|Lutadores Campeões
trp_arena_training_fighter_10|Lutador Campeão
trp_arena_training_fighter_10_pl|Lutadores Campeões
trp_cattle|Gado
trp_cattle_pl|Gado
trp_farmer|Agricultor
trp_farmer_pl|Agricultores
trp_townsman|Plebeu
trp_townsman_pl|Plebeus
trp_refugee|Refugiada
trp_refugee_pl|Refugiadas
trp_peasant_woman|Camponesa
trp_peasant_woman_pl|Camponesas
trp_follower_woman|Iniciada
trp_follower_woman_pl|Iniciadas
trp_hunter_woman|Escudeira
trp_hunter_woman_pl|Escudeiras
trp_fighter_woman|Mulher das Armas
trp_fighter_woman_pl|Mulheres das Armas
trp_sword_sister|Irmã de Espada
trp_sword_sister_pl|Irmãs de Espada
trp_manhunter|Caçador de Recompensas
trp_manhunter_pl|Caçador de Recompensas
trp_slave_driver|Escravagista
trp_slave_driver_pl|Escravagistas
trp_slave_hunter|Caçador de Escravos
trp_slave_hunter_pl|Caçadores de Escravos
trp_slave_crusher|Torturador de Escravos
trp_slave_crusher_pl|Torturadores de Escravos
trp_slaver_chief|Chefe Escravagista
trp_slaver_chief_pl|Chefes Escravagistas
trp_watchman|Vigia
trp_watchman_pl|Vigias
trp_levy|Recruta
trp_levy_pl|Recrutas
trp_mercenary_footman|Soldado Raso Mercenário
trp_mercenary_footman_pl|Soldados Rasos Mercenários
trp_mercenary_pikeman|Piqueiro Mercenário
trp_mercenary_pikeman_pl|Piqueiros Mercenários
trp_reislaufer|Reislaufer
trp_reislaufer_pl|Reislaufer
trp_mercenary_swordsman|Espadachim Mercenário
trp_mercenary_swordsman_pl|Espadachins Mercenários
trp_hired_blade|Espada Contratada
trp_hired_blade_pl|Espadas Contratadas
trp_landsknecht|Landsknecht
trp_landsknecht_pl|Landsknechte
trp_doppelsoldner|Doppelsoldner
trp_doppelsoldner_pl|Doppelsoldner
trp_mercenary_skirmisher|Escaramuçador Mercenário
trp_mercenary_skirmisher_pl|Escaramuçadores Mercenários
trp_levy_archer|Arqueiro Recruta
trp_levy_archer_pl|Arqueiros Recrutas
trp_archer_retinue|Arqueiro Leve
trp_archer_retinue_pl|Arqueiros Leves
trp_welsh_longbowman|Arqueiro Galês de Arco Longo
trp_welsh_longbowman_pl|Arqueiros Galeses de Arco Longo
trp_mercenary_crossbowman|Besteiro Mercenário
trp_mercenary_crossbowman_pl|Besteiros Mercenários
trp_mounted_crossbowman|Besteiro Mercenário Montado
trp_mounted_crossbowman_pl|Besteiros Mercenários Montados
trp_balestriere_genovese|Balestriere Genovese
trp_balestriere_genovese_pl|Balestrieri Genovesi
trp_arbalestriere_genovese|Arbalestriere Genovese
trp_arbalestriere_genovese_pl|Arbalestrieri Genovesi
trp_caravan_guard|Guarda de Caravana
trp_caravan_guard_pl|Guardas de Caravana
trp_mercenary_horseman|Ginete Mercenário
trp_mercenary_horseman_pl|Ginetes Mercenários
trp_mercenary_cavalry|Cavaleiro Mercenário
trp_mercenary_cavalry_pl|Cavaleiros Mercenários
trp_hussar|Hussardo
trp_hussar_pl|Hussardos
trp_cataphract|Catafractário
trp_cataphract_pl|Catafractários
trp_nomad_horse_archer|Arqueiro Montado Nômade
trp_nomad_horse_archer_pl|Arqueiro Montado Nômade
trp_nomad_veteran_horse_archer|Turcópolo
trp_nomad_veteran_horse_archer_pl|Turcópolos
trp_almogavar|Almogávar
trp_almogavar_pl|Almogaváres
trp_almocaden|Almocadém
trp_almocaden_pl|Almocadéns
trp_almogavar_a_caballo|Almogávar a Caballo
trp_almogavar_a_caballo_pl|Almogaváres a Caballos
trp_adalid|Adalide
trp_adalid_pl|Adalide
trp_woodcutter|Lenhador Guerreiro
trp_woodcutter_pl|Lenhador Guerreiro
trp_mercenary_axeman|Drengr
trp_mercenary_axeman_pl|Drengir
trp_joms_viking|Joms Viking
trp_joms_viking_pl|Joms Vikings
trp_varangian_guard|Guarda Varangiano
trp_varangian_guard_pl|Guardas Varangianos
trp_druznik|Druznik
trp_druznik_pl|Druziniki
trp_eastern_mercenary|Mercenário Oriental
trp_eastern_mercenary_pl|Mercenário Oriental
trp_naffatun_archer|Arqueiro Naffatun
trp_naffatun_archer_pl|Arqueiros Naffatun
trp_camel_rider|Ginete a Camelo
trp_camel_rider_pl|Ginetse a Camelos
trp_camel_archer|Arqueiro a Camelo
trp_camel_archer_pl|Arqueiros a Camelo
trp_khmer_mahout|Khmer Mahout
trp_khmer_mahout_pl|Khmer Mahouts
trp_mercenaries_end|fim dos mercenários
trp_mercenaries_end_pl|fim dos mercenários
trp_naffatun_rider|Ginete Naffatun
trp_naffatun_rider_pl|Ginetes Naffatun
trp_swadian_recruit|Recruta Swadiano
trp_swadian_recruit_pl|Recrutas Swadianos
trp_swadian_militia|Miliciano Swadiano
trp_swadian_militia_pl|Milicianos Swadianos
trp_swadian_footman|Soldado Raso Swadiano
trp_swadian_footman_pl|Soldados Rasos Swadianos
trp_swadian_infantry|Infantaria Swadiana
trp_swadian_infantry_pl|Infantarias Swadianas
trp_swadian_sergeant|Sargento Swadiano
trp_swadian_sergeant_pl|Sargentos Swadianos
trp_swadian_skirmisher|Escaramuçador Swadiano
trp_swadian_skirmisher_pl|Escaramuçadores Swadianos
trp_swadian_crossbowman|Besteiro Swadiano
trp_swadian_crossbowman_pl|Besteiros Swadianos
trp_swadian_sharpshooter|Besteiro de Elite Swadiano
trp_swadian_sharpshooter_pl|Besteiros de Elite Swadianos
trp_swadian_man_at_arms|Homem das Armas Swadiano
trp_swadian_man_at_arms_pl|Homens das Armas Swadianos
trp_swadian_knight|Cavaleiro Swadiano
trp_swadian_knight_pl|Cavaleiros Swadianos
trp_swadian_messenger|Mensageiro Swadiano
trp_swadian_messenger_pl|Mensageiros Swadianos
trp_swadian_deserter|Desertor Swadiano
trp_swadian_deserter_pl|Desertores Swadianos
trp_swadian_prison_guard|Carcereiro
trp_swadian_prison_guard_pl|Carcereiros
trp_swadian_castle_guard|Landsknecht
trp_swadian_castle_guard_pl|Landsknechte
trp_swadian_doppelsoldner|Doppelsoldner
trp_swadian_doppelsoldner_pl|Doppelsoldner
trp_vaegir_recruit|Recruta Vaegir
trp_vaegir_recruit_pl|Recrutas Vaegires
trp_vaegir_footman|Soldado Raso Vaegir
trp_vaegir_footman_pl|Soldados Rasos Vaegires
trp_vaegir_skirmisher|Escaramuçador Vaegir
trp_vaegir_skirmisher_pl|Escaramuçadores Vaegires
trp_vaegir_archer|Arqueiro Vaegir
trp_vaegir_archer_pl|Arqueiros Vaegires
trp_vaegir_marksman|Atirador Vaegir
trp_vaegir_marksman_pl|Atiradores Vaegires
trp_vaegir_veteran|Veterano Vaegir
trp_vaegir_veteran_pl|Veteranos Vaegires
trp_vaegir_infantry|Infantaria Vaegir
trp_vaegir_infantry_pl|Infantarias Vaegires
trp_vaegir_guard|Guarda Vaegir
trp_vaegir_guard_pl|Guardas Vaegires
trp_vaegir_horseman|Ginete Vaegir
trp_vaegir_horseman_pl|Ginetes Vaegires
trp_vaegir_knight|Cavaleiro Vaegir
trp_vaegir_knight_pl|Cavaleiros Vaegires
trp_vaegir_messenger|Mensageiro Vaegir
trp_vaegir_messenger_pl|Mensageiros Vaegires
trp_vaegir_deserter|Desertor Vaegir
trp_vaegir_deserter_pl|Desertores Vaegires
trp_vaegir_prison_guard|Carcereiro 
trp_vaegir_prison_guard_pl|Carcereiros
trp_vaegir_castle_guard|Guarda Varangiano
trp_vaegir_castle_guard_pl|Guardas Varangianos
trp_vaegir_druznik|Druznik
trp_vaegir_druznik_pl|Druziniki
trp_khergit_tribesman|Guerreiro Tribal Khergita
trp_khergit_tribesman_pl|Guerreiros Tribais Khergitas
trp_khergit_skirmisher|Escaramuçador Khergita
trp_khergit_skirmisher_pl|Escaramuçadores Khergitas
trp_khergit_horseman|Ginete Khergita
trp_khergit_horseman_pl|Ginetes Khergitas
trp_khergit_horse_archer|Arqueiro Montado Khergita
trp_khergit_horse_archer_pl|Arqueiros Montados Khergitas
trp_khergit_veteran_horse_archer|Arqueiro Montado Veterano Khergita
trp_khergit_veteran_horse_archer_pl|Arqueiros Montados Veteranos Khergitas
trp_khergit_lancer|Lanceiro Khergita
trp_khergit_lancer_pl|Lanceiros Khergitas
trp_khergit_messenger|Mensageiro Khergita
trp_khergit_messenger_pl|Mensageiros Khergitas
trp_khergit_deserter|Desertor Khergita
trp_khergit_deserter_pl|Desertores Khergitas
trp_khergit_prison_guard|Carcereiro
trp_khergit_prison_guard_pl|Carcereiros
trp_khergit_castle_guard|Kheshig
trp_khergit_castle_guard_pl|Kheshigten
trp_khergit_khorchin|Khorchin
trp_khergit_khorchin_pl|Khorchinten
trp_nord_recruit|Recruta Nórdico
trp_nord_recruit_pl|Recrutas Nórdicos
trp_nord_footman|Soldado Raso Nórdico
trp_nord_footman_pl|Soldados Rasos Nórdicos
trp_nord_trained_footman|Soldado Raso Treinado Nórdico
trp_nord_trained_footman_pl|Soldados Rasos Treinados Nórdicos
trp_nord_warrior|Guerreiro Nórdico
trp_nord_warrior_pl|Guerreiros Nórdicos
trp_nord_veteran|Veterano Nórdico
trp_nord_veteran_pl|Veteranos Nórdicos
trp_nord_champion|Huscarl Nórdico
trp_nord_champion_pl|Huscarls Nórdicos
trp_nord_huntsman|Caçador Nórdico
trp_nord_huntsman_pl|Caçadores Nórdicos
trp_nord_archer|Arqueiro Nórdico
trp_nord_archer_pl|Arqueiros Nórdicos
trp_nord_veteran_archer|Arqueiro Veterano Nórdico
trp_nord_veteran_archer_pl|Arqueiros Veteranos Nórdicos
trp_nord_messenger|Mensageiro Nórdico
trp_nord_messenger_pl|Mensageiros Nórdicos
trp_nord_deserter|Desertor Nórdico
trp_nord_deserter_pl|Desertores Nórdicos
trp_nord_prison_guard|Carcereiro
trp_nord_prison_guard_pl|Carcereiros
trp_nord_castle_guard|Ulfhedinn
trp_nord_castle_guard_pl|Ulfhednar
trp_nord_berserkr|Berserkr
trp_nord_berserkr_pl|Berserkir
trp_rhodok_tribesman|Recruta Rhodok
trp_rhodok_tribesman_pl|Recrutas Rhodoks
trp_rhodok_spearman|Lanceiro Rhodok
trp_rhodok_spearman_pl|Lanceiros Rhodoks
trp_rhodok_trained_spearman|Lanceiro Treinado Rhodok
trp_rhodok_trained_spearman_pl|Lanceiros Treinados Rhodoks
trp_rhodok_veteran_spearman|Lanceiro Veterano Rhodok
trp_rhodok_veteran_spearman_pl|Lanceiros Veteranos Rhodoks
trp_rhodok_sergeant|Sargento Rhodok
trp_rhodok_sergeant_pl|Sargentos Rhodoks
trp_rhodok_crossbowman|Besteiro Rhodok
trp_rhodok_crossbowman_pl|Besteiros Rhodoks
trp_rhodok_trained_crossbowman|Besteiro Treinado Rhodok
trp_rhodok_trained_crossbowman_pl|Besteiros Treinados Rhodoks
trp_rhodok_veteran_crossbowman|Besteiro Veterano Rhodok
trp_rhodok_veteran_crossbowman_pl|Besteiros Veteranos Rhodoks
trp_rhodok_sharpshooter|Besteiro de Elite Rhodok
trp_rhodok_sharpshooter_pl|Besteiros de Elite Rhodoks
trp_rhodok_messenger|Mensageiro Rhodok
trp_rhodok_messenger_pl|Mensageiros Rhodoks
trp_rhodok_deserter|Desertor Rhodok
trp_rhodok_deserter_pl|Desertores Rhodoks
trp_rhodok_prison_guard|Carcereiro
trp_rhodok_prison_guard_pl|Carcereiros
trp_rhodok_castle_guard|Guarda Suíço
trp_rhodok_castle_guard_pl|Guarda Suíço
trp_rhodok_swiss_guard|Hellebardier Suíço
trp_rhodok_swiss_guard_pl|Hellebardiere Suíços
trp_sarranid_recruit|Recruta Sarranide
trp_sarranid_recruit_pl|Recrutas Sarranides
trp_sarranid_footman|Soldado Raso Sarranide
trp_sarranid_footman_pl|Soldados Rasos Sarranides
trp_sarranid_veteran_footman|Veterano Sarranide
trp_sarranid_veteran_footman_pl|Veteranos Sarranides
trp_sarranid_infantry|Infantaria Sarranide
trp_sarranid_infantry_pl|Infantarias Sarranides
trp_sarranid_guard|Guarda Sarranide
trp_sarranid_guard_pl|Guardas Sarranides
trp_sarranid_skirmisher|Escaramuçador Sarranide
trp_sarranid_skirmisher_pl|Escaramuçadores Sarranides
trp_sarranid_archer|Arqueiro Sarranide
trp_sarranid_archer_pl|Arqueiros Sarranides
trp_sarranid_master_archer|Mestre Arqueiro Sarranide
trp_sarranid_master_archer_pl|Mestres Arqueiros Sarranides
trp_sarranid_horseman|Ginete Sarranide
trp_sarranid_horseman_pl|Ginetes Sarranides
trp_sarranid_mamluke|Mameluco Sarranide
trp_sarranid_mamluke_pl|Mamelucos Sarranides
trp_sarranid_messenger|Mensageiro Sarranide
trp_sarranid_messenger_pl|Mensageiros Sarranides
trp_sarranid_deserter|Desertor Sarranide
trp_sarranid_deserter_pl|Desertores Sarranides
trp_sarranid_prison_guard|Carcereiro
trp_sarranid_prison_guard_pl|Carcereiros
trp_sarranid_castle_guard|Janissário
trp_sarranid_castle_guard_pl|Janissários
trp_sarranid_silahtar|Silahtar
trp_sarranid_silahtar_pl|Silahtars
trp_dark_initiate|Iniciado Negro
trp_dark_initiate_pl|Iniciados Negros
trp_dark_acolyte|Acólito Negro
trp_dark_acolyte_pl|Acólitos Negros
trp_dark_infantry|Soldado Raso Negro
trp_dark_infantry_pl|Soldados Rasos Negros
trp_dark_skirmisher|Arqueiro Negro
trp_dark_skirmisher_pl|Arqueiros Negros
trp_dark_sergeant|Sargento Negro
trp_dark_sergeant_pl|Sargentos Negros
trp_dark_marksman|Atirador Negro
trp_dark_marksman_pl|Atiradores Negros
trp_dark_knight|Ginete Negro
trp_dark_knight_pl|Ginetes Negros
trp_dark_lord|Cavaleiro Negro
trp_dark_lord_pl|Cavaleiros Negros
trp_looter|Saqueador
trp_looter_pl|Saqueadores
trp_bandit|Bandido
trp_bandit_pl|Bandidos
trp_brigand|Bandido de Estrada
trp_brigand_pl|Bandido de Estrada
trp_pirate|Pirata
trp_pirate_pl|Piratas
trp_pirate2|Pirata Veterano
trp_pirate2_pl|Piratas Veteranos
trp_pirate3|Capitão Pirata
trp_pirate3_pl|Capitões Piratas
trp_mountain_bandit|Bandido da Montanha
trp_mountain_bandit_pl|Bandidos da Montanha
trp_mountain_bandit2|Bandido da Montanha Veterano
trp_mountain_bandit2_pl|Bandidos da Montanha Veteranos
trp_mountain_bandit3|Líder Bandido da Montanha
trp_mountain_bandit3_pl|Líderes Bandidos da Montanha
trp_forest_bandit|Bandido da Floresta
trp_forest_bandit_pl|Bandidos da Floresta
trp_forest_bandit2|Bandido da Floresta Veterano
trp_forest_bandit2_pl|Bandidos da Floresta Veteranos
trp_forest_bandit3|Líder Bandido da Floresta
trp_forest_bandit3_pl|Líderes Bandidos da Floresta
trp_sea_raider|Corsário
trp_sea_raider_pl|Corsários
trp_sea_raider2|Corsário Veterano
trp_sea_raider2_pl|Corsários Veteranos
trp_sea_raider3|Líder Corsário
trp_sea_raider3_pl|Líderes Corsários
trp_steppe_bandit|Bandido da Estepe
trp_steppe_bandit_pl|Bandidos da Estepe
trp_steppe_bandit2|Bandido da Estepe Veterano
trp_steppe_bandit2_pl|Bandidos da Estepe Veteranos
trp_steppe_bandit3|Líder Bandido da Estepe
trp_steppe_bandit3_pl|Líderes Bandidos da Estepe
trp_taiga_bandit|Bandido da Tundra
trp_taiga_bandit_pl|Bandidos da Tundra
trp_taiga_bandit2|Bandido da Tundra Veterano
trp_taiga_bandit2_pl|Bandidos da Tundra Veteranos
trp_taiga_bandit3|Líder Bandido da Tundra
trp_taiga_bandit3_pl|LíderesBandidos da Tundra
trp_desert_bandit|Bandido do Deserto
trp_desert_bandit_pl|Bandidos do Deserto
trp_desert_bandit2|Bandido do Deserto Veterano
trp_desert_bandit2_pl|Bandidos do Deserto Veteranos
trp_desert_bandit3|Líder Bandido do Deserto
trp_desert_bandit3_pl|Líderes Bandidos do Deserto
trp_samurai_bandits|Bandido Samurai
trp_samurai_bandits_pl|Bandidos Samurais
trp_scarred_bandit|Bandido com Cicatriz
trp_scarred_bandit_pl|Bandidos com Cicatrizes
trp_ruthless_bandit|Bandido Cruel
trp_ruthless_bandit_pl|Bandidos Cruéis
trp_thug|Bandido
trp_thug_pl|Bandidos
trp_traitor|Traidor
trp_traitor_pl|Traidores
trp_backstabber|Traidor
trp_backstabber_pl|Traidores
trp_assassin|Assassino
trp_assassin_pl|Assassinos
trp_cheese_rustler|Ladrão de Queijo
trp_cheese_rustler_pl|Ladrões de Queijo
trp_cheese_rustler2|Ladrão de Queijo
trp_cheese_rustler2_pl|Ladrões de Queijo
trp_scholar|Estudioso
trp_scholar_pl|Estudiosos
trp_wedding_guest|Convidado do Casamento
trp_wedding_guest_pl|Convidados do Casamento
trp_tough|Cidade Resistente
trp_tough_pl|Cidades Resistentes
trp_tough2|Cidade Resistente
trp_tough2_pl|Cidades Resistentes
trp_black_khergit_horseman|Ginete Negro Khergita
trp_black_khergit_horseman_pl|Ginetes Negros Khergitas
trp_caravan_master|Mestre de Caravana
trp_caravan_master_pl|Mestres de Caravana
trp_ship_captain|Capitão do Barco
trp_ship_captain_pl|Capitão do Barco
trp_kidnapped_girl|Donzela Sequestrada
trp_kidnapped_girl_pl|Donzelas Sequestradas
trp_town_walker_1|Plebeu
trp_town_walker_1_pl|Plebeus
trp_town_walker_2|Plebeia
trp_town_walker_2_pl|Plebeias
trp_khergit_townsman|Plebeu
trp_khergit_townsman_pl|Recrutas Plebeus
trp_khergit_townswoman|Plebeia
trp_khergit_townswoman_pl|Plebeias
trp_sarranid_townsman|Plebeu
trp_sarranid_townsman_pl|Recrutas Plebeus
trp_sarranid_townswoman|Plebeia
trp_sarranid_townswoman_pl|Plebeias
trp_village_walker_1|Camponês
trp_village_walker_1_pl|Camponeses
trp_village_walker_2|Camponesa
trp_village_walker_2_pl|Camponesas
trp_spy_walker_1|Plebeu
trp_spy_walker_1_pl|Plebeus
trp_spy_walker_2|Plebeia
trp_spy_walker_2_pl|Plebeias
trp_custom_peasant|Recruit
trp_custom_peasant_pl|Recrutas
trp_custom_peasant_equip|Recruta
trp_custom_peasant_equip_pl|Recrutas
trp_custom_peasant_selection|Recruta
trp_custom_peasant_selection_pl|Recrutas
trp_custom_army_recruit|Soldado Raso
trp_custom_army_recruit_pl|Soldados Rasos
trp_custom_army_recruit_equip|Soldado Raso
trp_custom_army_recruit_equip_pl|Soldados Rasos
trp_custom_army_recruit_selection|Soldado Raso
trp_custom_army_recruit_selection_pl|Soldados Rasos
trp_custom_crossbow_militia|Escaramuçador
trp_custom_crossbow_militia_pl|Escaramuçadores
trp_custom_crossbow_militia_equip|Escaramuçador
trp_custom_crossbow_militia_equip_pl|Escaramuçadores
trp_custom_crossbow_militia_selection|Escaramuçador
trp_custom_crossbow_militia_selection_pl|Escaramuçadores
trp_custom_crossbowman|Atirador Regular
trp_custom_crossbowman_pl|Atirador Regulares
trp_custom_crossbowman_equip|Atirador Regular
trp_custom_crossbowman_equip_pl|Atirador Regulares
trp_custom_crossbowman_selection|Atirador Regular
trp_custom_crossbowman_selection_pl|Atirador Regulares
trp_custom_pavise_crossbowman|Atirador Veterano
trp_custom_pavise_crossbowman_pl|Atirador Veteranos
trp_custom_pavise_crossbowman_equip|Atirador Veterano
trp_custom_pavise_crossbowman_equip_pl|Atirador Veteranos
trp_custom_pavise_crossbowman_selection|Atirador Veterano
trp_custom_pavise_crossbowman_selection_pl|Atirador Veteranos
trp_custom_mounted_crossbowman|Escaramuçador Montado
trp_custom_mounted_crossbowman_pl|Escaramuçadores Montados
trp_custom_mounted_crossbowman_equip|Escaramuçador Montado
trp_custom_mounted_crossbowman_equip_pl|Escaramuçadores Montados
trp_custom_mounted_crossbowman_selection|Escaramuçador Montado
trp_custom_mounted_crossbowman_selection_pl|Escaramuçadores Montados
trp_custom_infantry|Soldado Raso Treinado
trp_custom_infantry_pl|Soldados Rasos Treinados
trp_custom_infantry_equip|Soldado Raso Treinado
trp_custom_infantry_equip_pl|Soldados Rasos Treinados
trp_custom_infantry_selection|Soldado Raso Treinado
trp_custom_infantry_selection_pl|Soldados Rasos Treinados
trp_custom_squire|Cavaleiro Leve
trp_custom_squire_pl|Cavaleiros Leves
trp_custom_squire_equip|Cavaleiro Leve
trp_custom_squire_equip_pl|Cavaleiros Leves
trp_custom_squire_selection|Cavaleiro Leve
trp_custom_squire_selection_pl|Cavaleiros Leves
trp_custom_knight|Cavaleiro Pesado
trp_custom_knight_pl|Cavaleiros Pesados
trp_custom_knight_equip|Cavaleiro Pesado
trp_custom_knight_equip_pl|Cavaleiros Pesados
trp_custom_knight_selection|Cavaleiro Pesado
trp_custom_knight_selection_pl|Cavaleiros Pesados
trp_custom_warrior|Soldado Raso Veterano
trp_custom_warrior_pl|Soldados Rasos Veteranos
trp_custom_warrior_equip|Soldado Raso Veterano
trp_custom_warrior_equip_pl|Soldados Rasos Veteranos
trp_custom_warrior_selection|Soldado Raso Veterano
trp_custom_warrior_selection_pl|Soldados Rasos Veteranos
trp_custom_sergeant|Sargento
trp_custom_sergeant_pl|Sargentos
trp_custom_sergeant_equip|Sargento
trp_custom_sergeant_equip_pl|Sargentos
trp_custom_sergeant_selection|Sargento
trp_custom_sergeant_selection_pl|Sargentos
trp_custom_heavy_sergeant|Sargento Pesado
trp_custom_heavy_sergeant_pl|Sargentos Pesados
trp_custom_heavy_sergeant_equip|Sargento Pesado
trp_custom_heavy_sergeant_equip_pl|Sargentos Pesados
trp_custom_heavy_sergeant_selection|Sargento Pesado
trp_custom_heavy_sergeant_selection_pl|Sargentos Pesados
trp_psf_castle_guard|Guarda do Castelo
trp_psf_castle_guard_pl|Guardas do Castelo
trp_psf_castle_guard_equip|Guarda do Castelo
trp_psf_castle_guard_equip_pl|Guardas do Castelo
trp_psf_castle_guard_selection|Guarda do Castelo
trp_psf_castle_guard_selection_pl|Guardas do Castelo
trp_psf_royal_guard|Guarda Real
trp_psf_royal_guard_pl|Guardas Real
trp_psf_royal_guard_equip|Guarda Real
trp_psf_royal_guard_equip_pl|Guardas Real
trp_psf_royal_guard_selection|Guarda Real
trp_psf_royal_guard_selection_pl|Guardas Real
trp_custom_troops_end|na
trp_custom_troops_end_pl|na
trp_inventory_backup|Inventário
trp_inventory_backup_pl|Inventário
trp_psf_messenger|Mensageiro
trp_psf_messenger_pl|Mensageiros
trp_psf_deserter|Desertor
trp_psf_deserter_pl|Desertores
trp_psf_prison_guard|Carcereiro
trp_psf_prison_guard_pl|Carcereiros
trp_tournament_master|Lanista
trp_tournament_master_pl|Lanistas
trp_trainer|Doctore
trp_trainer_pl|Doctores
trp_constable_hareck|Comissário Hareck
trp_constable_hareck_pl|Comissário Hareck
trp_ramun_the_slave_trader|Ramun, o Comerciante de Escravos
trp_ramun_the_slave_trader_pl|Ramun, o Comerciante de Escravos
trp_guide|Jimmy, o Brilhante
trp_guide_pl|Jimmy, o Brilhante
trp_xerina|Gladiadora Xerina
trp_xerina_pl|Xerina
trp_dranton|Gladiador Dranton
trp_dranton_pl|Dranton
trp_kradus|Gladiador Kradus
trp_kradus_pl|Kradus
trp_tutorial_trainer|Mestre do Campo de Treinamento
trp_tutorial_trainer_pl|Mestre do Campo de Treinamento
trp_galeas|Galeas, o Escravagista
trp_galeas_pl|Galeas
trp_farmer_from_bandit_village|Agricultor
trp_farmer_from_bandit_village_pl|Agricultores
trp_trainer_1|Treinador
trp_trainer_1_pl|Treinador
trp_trainer_2|Treinador
trp_trainer_2_pl|Treinador
trp_trainer_3|Treinador
trp_trainer_3_pl|Treinador
trp_trainer_4|Treinador
trp_trainer_4_pl|Treinador
trp_trainer_5|Treinador
trp_trainer_5_pl|Treinador
trp_ransom_broker_1|Corretor de Resgates
trp_ransom_broker_1_pl|Corretor de Resgates
trp_ransom_broker_2|Corretor de Resgates
trp_ransom_broker_2_pl|Corretor de Resgates
trp_ransom_broker_3|Corretor de Resgates
trp_ransom_broker_3_pl|Corretor de Resgates
trp_ransom_broker_4|Corretor de Resgates
trp_ransom_broker_4_pl|Corretor de Resgates
trp_ransom_broker_5|Corretor de Resgates
trp_ransom_broker_5_pl|Corretor de Resgates
trp_ransom_broker_6|Corretor de Resgates
trp_ransom_broker_6_pl|Corretor de Resgates
trp_ransom_broker_7|Corretor de Resgates
trp_ransom_broker_7_pl|Corretor de Resgates
trp_ransom_broker_8|Corretor de Resgates
trp_ransom_broker_8_pl|Corretor de Resgates
trp_ransom_broker_9|Corretor de Resgates
trp_ransom_broker_9_pl|Corretor de Resgates
trp_ransom_broker_10|Corretor de Resgates
trp_ransom_broker_10_pl|Corretor de Resgates
trp_tavern_trooprecruiter_1|Recrutador Eustacius
trp_tavern_trooprecruiter_1_pl|Recrutador Eustacius
trp_tavern_trooprecruiter_2|Recrutador Dunga
trp_tavern_trooprecruiter_2_pl|Recrutador Dunga
trp_tavern_traveler_1|Viajante
trp_tavern_traveler_1_pl|Viajante
trp_tavern_traveler_2|Viajante
trp_tavern_traveler_2_pl|Viajante
trp_tavern_traveler_3|Viajante
trp_tavern_traveler_3_pl|Viajante
trp_tavern_traveler_4|Viajante
trp_tavern_traveler_4_pl|Viajante
trp_tavern_traveler_5|Viajante
trp_tavern_traveler_5_pl|Viajante
trp_tavern_traveler_6|Viajante
trp_tavern_traveler_6_pl|Viajante
trp_tavern_traveler_7|Viajante
trp_tavern_traveler_7_pl|Viajante
trp_tavern_traveler_8|Viajante
trp_tavern_traveler_8_pl|Viajante
trp_tavern_traveler_9|Viajante
trp_tavern_traveler_9_pl|Viajante
trp_tavern_traveler_10|Viajante
trp_tavern_traveler_10_pl|Viajante
trp_tavern_bookseller_1|Mercador de Livros
trp_tavern_bookseller_1_pl|Mercador de Livros
trp_tavern_bookseller_2|Mercador de Livros
trp_tavern_bookseller_2_pl|Mercador de Livros
trp_tavern_minstrel_1|Jogral
trp_tavern_minstrel_1_pl|Menestrel
trp_tavern_minstrel_2|Bardo
trp_tavern_minstrel_2_pl|Menestrel
trp_tavern_minstrel_3|Poeta
trp_tavern_minstrel_3_pl|Menestrel
trp_tavern_minstrel_4|Escaldo
trp_tavern_minstrel_4_pl|Menestrel
trp_tavern_minstrel_5|Trovador
trp_tavern_minstrel_5_pl|Menestrel
trp_kingdom_heroes_including_player_begin|início dos herois do reino, incluindo o jogador
trp_kingdom_heroes_including_player_begin_pl|início dos herois do reino, incluindo o jogador
trp_npc1|Borcha, o Batedor
trp_npc1_pl|Borcha
trp_npc2|Marnid, o Comerciante
trp_npc2_pl|Marnid
trp_npc3|Ymira
trp_npc3_pl|Ymira
trp_npc4|Rolf
trp_npc4_pl|Rolf
trp_npc5|Baheshtur
trp_npc5_pl|Baheshtur
trp_npc6|Firentis
trp_npc6_pl|Firentis
trp_npc7|Deshavi, a Exploradora
trp_npc7_pl|Deshavi
trp_npc8|Matheld
trp_npc8_pl|Matheld
trp_npc9|Alayen
trp_npc9_pl|Alayen
trp_npc10|Bunduk
trp_npc10_pl|Bunduk
trp_npc11|Katrin
trp_npc11_pl|Katrin
trp_npc12|Jeremus, o Grande Cirurgião
trp_npc12_pl|Jeremus
trp_npc13|Nizar
trp_npc13_pl|Nizar
trp_npc14|Lezalit
trp_npc14_pl|Lezalit
trp_npc15|Artimenner
trp_npc15_pl|Artimenner
trp_npc16|Klethi Ligeira
trp_npc16_pl|Klethi
trp_npc17|Tin
trp_npc17_pl|Tin
trp_npc18|Hero Sven
trp_npc18_pl|Sven
trp_kingdom_1_lord|Kaiser Harlaus
trp_kingdom_1_lord_pl|Harlaus
trp_kingdom_2_lord|Czar Yaroglek
trp_kingdom_2_lord_pl|Yaroglek
trp_kingdom_3_lord|Sanjar Khagan
trp_kingdom_3_lord_pl|Sanjar
trp_kingdom_4_lord|Rei Ragnar
trp_kingdom_4_lord_pl|Ragnar
trp_kingdom_5_lord|Doge Graveth
trp_kingdom_5_lord_pl|Graveth
trp_kingdom_6_lord|Sultão Hakim
trp_kingdom_6_lord_pl|Hakim
trp_dark_knight_lord|Rainha Larktin
trp_dark_knight_lord_pl|Larktin
trp_knight_1_1|Herzog Klargus
trp_knight_1_1_pl|Klargus
trp_knight_1_2|Herzog Delinard
trp_knight_1_2_pl|Delinard
trp_knight_1_3|Graf Haringoth
trp_knight_1_3_pl|Haringoth
trp_knight_1_4|Herzog Clais
trp_knight_1_4_pl|Clais
trp_knight_1_5|Graf Deglan
trp_knight_1_5_pl|Deglan
trp_knight_1_6|Graf Tredian
trp_knight_1_6_pl|Tredian
trp_knight_1_7|Graf Grainwad
trp_knight_1_7_pl|Grainwad
trp_knight_1_8|Graf Ryis
trp_knight_1_8_pl|Ryis
trp_knight_1_9|Freiherr Plais
trp_knight_1_9_pl|Plais
trp_knight_1_10|Freiherr Mirchaud
trp_knight_1_10_pl|Mirchaud
trp_knight_1_11|Freiherr Stamar
trp_knight_1_11_pl|Stamar
trp_knight_1_12|Freiherr Meltor
trp_knight_1_12_pl|Meltor
trp_knight_1_13|Graf Beranz
trp_knight_1_13_pl|Beranz
trp_knight_1_14|Graf Rafard
trp_knight_1_14_pl|Rafard
trp_knight_1_15|Graf Regas
trp_knight_1_15_pl|Regas
trp_knight_1_16|Graf Devlian
trp_knight_1_16_pl|Devlian
trp_knight_1_17|Freiherr Rafarch
trp_knight_1_17_pl|Rafarch
trp_knight_1_18|Graf Rochabarth
trp_knight_1_18_pl|Rochabarth
trp_knight_1_19|Freiherr Despin
trp_knight_1_19_pl|Despin
trp_knight_1_20|Freiherr Montewar
trp_knight_1_20_pl|Montewar
trp_knight_2_1|Kniaz Vuldrat
trp_knight_2_1_pl|Vuldrat
trp_knight_2_2|Kniaz Naldera
trp_knight_2_2_pl|Naldera
trp_knight_2_3|Kniaz Meriga
trp_knight_2_3_pl|Meriga
trp_knight_2_4|Grof Khavel
trp_knight_2_4_pl|Khavel
trp_knight_2_5|Grof Doru
trp_knight_2_5_pl|Doru
trp_knight_2_6|Grof Belgaru
trp_knight_2_6_pl|Belgaru
trp_knight_2_7|Grof Ralcha
trp_knight_2_7_pl|Ralcha
trp_knight_2_8|Grof Vlan
trp_knight_2_8_pl|Vlan
trp_knight_2_9|Boyar Mleza
trp_knight_2_9_pl|Mleza
trp_knight_2_10|Grof Nelag
trp_knight_2_10_pl|Nelag
trp_knight_2_11|Boyar Crahask
trp_knight_2_11_pl|Crahask
trp_knight_2_12|Boyar Bracha
trp_knight_2_12_pl|Bracha
trp_knight_2_13|Boyar Druli
trp_knight_2_13_pl|Druli
trp_knight_2_14|Boyar Marmun
trp_knight_2_14_pl|Marmun
trp_knight_2_15|Boyar Gastya
trp_knight_2_15_pl|Gastya
trp_knight_2_16|Boyar Harish
trp_knight_2_16_pl|Harish
trp_knight_2_17|Boyar Taisa
trp_knight_2_17_pl|Taisa
trp_knight_2_18|Boyar Valishin
trp_knight_2_18_pl|Valishin
trp_knight_2_19|Grof Rudin
trp_knight_2_19_pl|Rudin
trp_knight_2_20|Grof Kumipa
trp_knight_2_20_pl|Kumipa
trp_knight_3_1|Alagur Khan
trp_knight_3_1_pl|Alagur
trp_knight_3_2|Tonju Khan
trp_knight_3_2_pl|Tonju
trp_knight_3_3|Belir Khan
trp_knight_3_3_pl|Belir
trp_knight_3_4|Asugan Noyan
trp_knight_3_4_pl|Asugan
trp_knight_3_5|Brula Noyan
trp_knight_3_5_pl|Brula
trp_knight_3_6|Imirza Noyan
trp_knight_3_6_pl|Imirza
trp_knight_3_7|Urumuda Noyan
trp_knight_3_7_pl|Urumuda
trp_knight_3_8|Kramuk Darga
trp_knight_3_8_pl|Kramuk
trp_knight_3_9|Chaurka Darga
trp_knight_3_9_pl|Chaurka
trp_knight_3_10|Sebula Noyan
trp_knight_3_10_pl|Sebula
trp_knight_3_11|Tulug Darga
trp_knight_3_11_pl|Tulug
trp_knight_3_12|Nasugei Darga
trp_knight_3_12_pl|Nasugei
trp_knight_3_13|Urubay Noyan
trp_knight_3_13_pl|Urubay
trp_knight_3_14|Hugu Darga
trp_knight_3_14_pl|Hugu
trp_knight_3_15|Tansugai Darga
trp_knight_3_15_pl|Tansugai
trp_knight_3_16|Tirida Darga
trp_knight_3_16_pl|Tirida
trp_knight_3_17|Ulusamai Darga
trp_knight_3_17_pl|Ulusamai
trp_knight_3_18|Karaban Darga
trp_knight_3_18_pl|Karaban
trp_knight_3_19|Akadan Noyan
trp_knight_3_19_pl|Akadan
trp_knight_3_20|Dundush Darga
trp_knight_3_20_pl|Dundush
trp_knight_4_1|Hertug Aedin
trp_knight_4_1_pl|Aedin
trp_knight_4_2|Hertug Irya
trp_knight_4_2_pl|Irya
trp_knight_4_3|Jarl Olaf
trp_knight_4_3_pl|Olaf
trp_knight_4_4|Jarl Reamald
trp_knight_4_4_pl|Reamald
trp_knight_4_5|Jarl Turya
trp_knight_4_5_pl|Turya
trp_knight_4_6|Thegn Gundur
trp_knight_4_6_pl|Gundur
trp_knight_4_7|Jarl Harald
trp_knight_4_7_pl|Harald
trp_knight_4_8|Jarl Knudarr
trp_knight_4_8_pl|Knudarr
trp_knight_4_9|Thegn Haeda
trp_knight_4_9_pl|Haeda
trp_knight_4_10|Thegn Turegor
trp_knight_4_10_pl|Turegor
trp_knight_4_11|Thegn Logarson
trp_knight_4_11_pl|Logarson
trp_knight_4_12|Thegn Aeric
trp_knight_4_12_pl|Aeric
trp_knight_4_13|Thegn Faarn
trp_knight_4_13_pl|Faarn
trp_knight_4_14|Thegn Bulba
trp_knight_4_14_pl|Bulba
trp_knight_4_15|Jarl Rayeck
trp_knight_4_15_pl|Rayeck
trp_knight_4_16|Thegn Dirigun
trp_knight_4_16_pl|Dirigun
trp_knight_4_17|Thegn Marayirr
trp_knight_4_17_pl|Marayirr
trp_knight_4_18|Thegn Gearth
trp_knight_4_18_pl|Gearth
trp_knight_4_19|Jarl Surdun
trp_knight_4_19_pl|Surdun
trp_knight_4_20|Thegn Gerlad
trp_knight_4_20_pl|Gerlad
trp_knight_5_1|Duca Matheas
trp_knight_5_1_pl|Matheas
trp_knight_5_2|Duca Gutlans
trp_knight_5_2_pl|Gutlans
trp_knight_5_3|Conte Laruqen
trp_knight_5_3_pl|Laruqen
trp_knight_5_4|Conte Raichs
trp_knight_5_4_pl|Raichs
trp_knight_5_5|Conte Reland
trp_knight_5_5_pl|Reland
trp_knight_5_6|Conte Tarchias
trp_knight_5_6_pl|Tarchias
trp_knight_5_7|Conte Gharmall
trp_knight_5_7_pl|Gharmall
trp_knight_5_8|Conte Talbar
trp_knight_5_8_pl|Talbar
trp_knight_5_9|Barone Rimusk
trp_knight_5_9_pl|Rimusk
trp_knight_5_10|Conte Falsevor
trp_knight_5_10_pl|Falsevor
trp_knight_5_11|Conte Etrosq
trp_knight_5_11_pl|Etrosq
trp_knight_5_12|Barone Kurnias
trp_knight_5_12_pl|Kurnias
trp_knight_5_13|Barone Tellrog
trp_knight_5_13_pl|Tellrog
trp_knight_5_14|Barone Tribidan
trp_knight_5_14_pl|Tribidan
trp_knight_5_15|Barone Gerluchs
trp_knight_5_15_pl|Gerluchs
trp_knight_5_16|Barone Fudreim
trp_knight_5_16_pl|Fudreim
trp_knight_5_17|Barone Nealcha
trp_knight_5_17_pl|Nealcha
trp_knight_5_18|Barone Fraichin
trp_knight_5_18_pl|Fraichin
trp_knight_5_19|Barone Trimbau
trp_knight_5_19_pl|Trimbau
trp_knight_5_20|Barone Reichsin
trp_knight_5_20_pl|Reichsin
trp_knight_6_1|Pasha Uqais
trp_knight_6_1_pl|Uqais
trp_knight_6_2|Pasha Hamezan
trp_knight_6_2_pl|Hamezan
trp_knight_6_3|Pasha Atis
trp_knight_6_3_pl|Atis
trp_knight_6_4|Beg Nuwas
trp_knight_6_4_pl|Nuwas
trp_knight_6_5|Beg Mundhalir
trp_knight_6_5_pl|Mundhalir
trp_knight_6_6|Beg Ghanawa
trp_knight_6_6_pl|Ghanawa
trp_knight_6_7|Agha Nuam
trp_knight_6_7_pl|Nuam
trp_knight_6_8|Beg Dhiyul
trp_knight_6_8_pl|Dhiyul
trp_knight_6_9|Beg Lakhem
trp_knight_6_9_pl|Lakhem
trp_knight_6_10|Beg Ghulassen
trp_knight_6_10_pl|Ghulassen
trp_knight_6_11|Agha Azadun
trp_knight_6_11_pl|Azadun
trp_knight_6_12|Agha Quryas
trp_knight_6_12_pl|Quryas
trp_knight_6_13|Agha Amdar
trp_knight_6_13_pl|Amdar
trp_knight_6_14|Agha Hiwan
trp_knight_6_14_pl|Hiwan
trp_knight_6_15|Beg Muhnir
trp_knight_6_15_pl|Muhnir
trp_knight_6_16|Agha Ayyam
trp_knight_6_16_pl|Ayyam
trp_knight_6_17|Agha Raddoun
trp_knight_6_17_pl|Raddoun
trp_knight_6_18|Agha Tilimsan
trp_knight_6_18_pl|Tilimsan
trp_knight_6_19|Agha Dhashwal
trp_knight_6_19_pl|Dhashwal
trp_knight_6_20|Beg Biliya
trp_knight_6_20_pl|Biliya
trp_dark_knight_lord1|Cavaleiro Purin
trp_dark_knight_lord1_pl|Purin
trp_dark_knight_lord2|Cavaleiro Grife
trp_dark_knight_lord2_pl|Grife
trp_dark_knight_lord3|Cavaleiro Tantius
trp_dark_knight_lord3_pl|Tantius
trp_dark_knight_lord4|Cavaleiro Gracius
trp_dark_knight_lord4_pl|Gracius
trp_dark_knight_lord5|Cavaleiro Dionisius
trp_dark_knight_lord5_pl|Dionisius
trp_dark_knight_lord6|Cavaleiro Chrysogon
trp_dark_knight_lord6_pl|Chrysogon
trp_dark_knight_lord7|Cavaleiro Basyle
trp_dark_knight_lord7_pl|Basyle
trp_dark_knight_lord8|Cavaleiro Paugard
trp_dark_knight_lord8_pl|Paugard
trp_dark_knight_lord9|Cavaleiro Hardawk
trp_dark_knight_lord9_pl|Hardawk
trp_dark_knight_lord10|Cavaleiro Americus
trp_dark_knight_lord10_pl|Americus
trp_dark_knight_lord11|Cavaleiro Philcox
trp_dark_knight_lord11_pl|Philcox
trp_dark_knight_lord12|Cavaleiro Georgus
trp_dark_knight_lord12_pl|Georgus
trp_dark_knight_lord13|Cavaleiro Cyriack
trp_dark_knight_lord13_pl|Cyriack
trp_dark_knight_lord14|Cavaleiro Sanders
trp_dark_knight_lord14_pl|Sanders
trp_dark_knight_lord15|Cavaleiro Alistair
trp_dark_knight_lord15_pl|Alistair
trp_dark_knight_lord16|Cavaleiro Hector
trp_dark_knight_lord16_pl|Hector
trp_dark_knight_lord17|Cavaleiro Jeffroy
trp_dark_knight_lord17_pl|Jeffroy
trp_dark_knight_lord18|Cavaleiro Ancelot
trp_dark_knight_lord18_pl|Ancelot
trp_dark_knight_lord19|Cavaleiro Elshender
trp_dark_knight_lord19_pl|Elshender
trp_dark_knight_lord20|Cavaleiro Rawkin
trp_dark_knight_lord20_pl|Rawkin
trp_kingdom_1_pretender|Lady Isolla de Suno
trp_kingdom_1_pretender_pl|Isolla de Suno
trp_kingdom_2_pretender|Príncipe Valdym, o Bastardo
trp_kingdom_2_pretender_pl|Valdym
trp_kingdom_3_pretender|Dustum Khan
trp_kingdom_3_pretender_pl|Dustum
trp_kingdom_4_pretender|Lethwin, o Caçador-Distante
trp_kingdom_4_pretender_pl|Lethwin
trp_kingdom_5_pretender|Lorde Kastor de Veluca
trp_kingdom_5_pretender_pl|Kastor
trp_kingdom_6_pretender|Arwa, a Pérola Única
trp_kingdom_6_pretender_pl|Arwa
trp_knight_1_1_wife|Error - cavaleiro 1 1 esposa não deve aparecer no jogo
trp_knight_1_1_wife_pl|cavaleiro 1 1 esposa
trp_kingdom_1_lady_1|Duquesa Anna
trp_kingdom_1_lady_1_pl|Anna
trp_kingdom_1_lady_2|Donzela Nelda
trp_kingdom_1_lady_2_pl|Nelda
trp_knight_1_lady_3|Duquesa Bela
trp_knight_1_lady_3_pl|Bela
trp_knight_1_lady_4|Donzela Elina
trp_knight_1_lady_4_pl|Elina
trp_kingdom_l_lady_5|Condessa Constanis
trp_kingdom_l_lady_5_pl|Constanis
trp_kingdom_1_lady_6|Donzela Vera
trp_kingdom_1_lady_6_pl|Vera
trp_kingdom_1_lady_7|Duquesa Auberina
trp_kingdom_1_lady_7_pl|Auberina
trp_kingdom_1_lady_8|Donzela Tibal
trp_kingdom_1_lady_8_pl|Tibal
trp_kingdom_1_lady_9|Condessa Magar
trp_kingdom_1_lady_9_pl|Magar
trp_kingdom_1_lady_10|Donzela Thedosa
trp_kingdom_1_lady_10_pl|Thedosa
trp_kingdom_1_lady_11|Condessa Melisar
trp_kingdom_1_lady_11_pl|Melisar
trp_kingdom_1_lady_12|Donzela Irena
trp_kingdom_1_lady_12_pl|Irena
trp_kingdom_l_lady_13|Condessa Philenna
trp_kingdom_l_lady_13_pl|Philenna
trp_kingdom_1_lady_14|Donzela Sonadel
trp_kingdom_1_lady_14_pl|Sonadel
trp_kingdom_1_lady_15|Condessa Boadila
trp_kingdom_1_lady_15_pl|Boadila
trp_kingdom_1_lady_16|Donzela Elys
trp_kingdom_1_lady_16_pl|Elys
trp_kingdom_1_lady_17|Donzela Johana
trp_kingdom_1_lady_17_pl|Johana
trp_kingdom_1_lady_18|Donzela Bernatys
trp_kingdom_1_lady_18_pl|Bernatys
trp_kingdom_1_lady_19|Donzela Enricata
trp_kingdom_1_lady_19_pl|Enricata
trp_kingdom_1_lady_20|Damsel Gaeta
trp_kingdom_1_lady_20_pl|Gaeta
trp_kingdom_2_lady_1|Kniagina Junitha
trp_kingdom_2_lady_1_pl|Junitha
trp_kingdom_2_lady_2|Devitsa Katia
trp_kingdom_2_lady_2_pl|Katia
trp_kingdom_2_lady_3|Kniagina Seomis
trp_kingdom_2_lady_3_pl|Seomis
trp_kingdom_2_lady_4|Devitsa Drina
trp_kingdom_2_lady_4_pl|Drina
trp_kingdom_2_lady_5|Kniagina Nesha
trp_kingdom_2_lady_5_pl|Nesha
trp_kingdom_2_lady_6|Devitsa Tabath
trp_kingdom_2_lady_6_pl|Tabath
trp_kingdom_2_lady_7|Grofinya Pelaeka
trp_kingdom_2_lady_7_pl|Pelaeka
trp_kingdom_2_lady_8|Devitsa Haris
trp_kingdom_2_lady_8_pl|Haris
trp_kingdom_2_lady_9|Grofinya Vayen
trp_kingdom_2_lady_9_pl|Vayen
trp_kingdom_2_lady_10|Devitsa Joaka
trp_kingdom_2_lady_10_pl|Joaka
trp_kingdom_2_lady_11|Grofinya Tejina
trp_kingdom_2_lady_11_pl|Tejina
trp_kingdom_2_lady_12|Devitsa Olekseia
trp_kingdom_2_lady_12_pl|Olekseia
trp_kingdom_2_lady_13|Grofinya Myntha
trp_kingdom_2_lady_13_pl|Myntha
trp_kingdom_2_lady_14|Devitsa Akilina
trp_kingdom_2_lady_14_pl|Akilina
trp_kingdom_2_lady_15|Grofinya Sepana
trp_kingdom_2_lady_15_pl|Sepana
trp_kingdom_2_lady_16|Devitsa Iarina
trp_kingdom_2_lady_16_pl|Iarina
trp_kingdom_2_lady_17|Devitsa Sihavan
trp_kingdom_2_lady_17_pl|Sihavan
trp_kingdom_2_lady_18|Devitsa Erenchina
trp_kingdom_2_lady_18_pl|Erenchina
trp_kingdom_2_lady_19|Devitsa Tamar
trp_kingdom_2_lady_19_pl|Tamar
trp_kingdom_2_lady_20|Devitsa Valka
trp_kingdom_2_lady_20_pl|Valka
trp_kingdom_3_lady_1|Hatun Borge
trp_kingdom_3_lady_1_pl|Borge
trp_kingdom_3_lady_2|Gonji Tuan
trp_kingdom_3_lady_2_pl|Tuan
trp_kingdom_3_lady_3|Hatun Mahraz
trp_kingdom_3_lady_3_pl|Mahraz
trp_kingdom_3_lady_4|Gonji Ayasu
trp_kingdom_3_lady_4_pl|Ayasu
trp_kingdom_3_lady_5|Hatun Ravin
trp_kingdom_3_lady_5_pl|Ravin
trp_kingdom_3_lady_6|Gonji Ruha
trp_kingdom_3_lady_6_pl|Ruha
trp_kingdom_3_lady_7|Behichi  Chedina
trp_kingdom_3_lady_7_pl|Chedina
trp_kingdom_3_lady_8|Gonji Kefra
trp_kingdom_3_lady_8_pl|Kefra
trp_kingdom_3_lady_9|Behichi  Nirvaz
trp_kingdom_3_lady_9_pl|Nirvaz
trp_kingdom_3_lady_10|Gonji Dulua
trp_kingdom_3_lady_10_pl|Dulua
trp_kingdom_3_lady_11|Behichi  Selik
trp_kingdom_3_lady_11_pl|Selik
trp_kingdom_3_lady_12|Gonji Thalatha
trp_kingdom_3_lady_12_pl|Thalatha
trp_kingdom_3_lady_13|Behichi  Yasreen
trp_kingdom_3_lady_13_pl|Yasreen
trp_kingdom_3_lady_14|Gonji Nadha
trp_kingdom_3_lady_14_pl|Nadha
trp_kingdom_3_lady_15|Behichi Zenur
trp_kingdom_3_lady_15_pl|Zenur
trp_kingdom_3_lady_16|Gonji Zenur
trp_kingdom_3_lady_16_pl|Zenur
trp_kingdom_3_lady_17|Gonji Atjahan
trp_kingdom_3_lady_17_pl|Atjahan
trp_kingdom_3_lady_18|Gonji Qutala
trp_kingdom_3_lady_18_pl|Qutala
trp_kingdom_3_lady_19|Gonji Hindal
trp_kingdom_3_lady_19_pl|Hindal
trp_kingdom_3_lady_20|Gonji Mechet
trp_kingdom_3_lady_20_pl|Mechet
trp_kingdom_4_lady_1|Hertuginde Jadeth
trp_kingdom_4_lady_1_pl|Jadeth
trp_kingdom_4_lady_2|Donzela Miar
trp_kingdom_4_lady_2_pl|Miar
trp_kingdom_4_lady_3|Hertuginde Dria
trp_kingdom_4_lady_3_pl|Dria
trp_kingdom_4_lady_4|Donzela Glunde
trp_kingdom_4_lady_4_pl|Glunde
trp_kingdom_4_lady_5|Thegnfru Loeka
trp_kingdom_4_lady_5_pl|Loeka
trp_kingdom_4_lady_6|Donzela Bryn
trp_kingdom_4_lady_6_pl|Bryn
trp_kingdom_4_lady_7|Grevinne Eir
trp_kingdom_4_lady_7_pl|Eir
trp_knight_4_2b_daughter_1|Donzela Thera
trp_knight_4_2b_daughter_1_pl|Thera
trp_kingdom_4_lady_9|Grevinne Hild
trp_kingdom_4_lady_9_pl|Hild
trp_knight_4_2c_wife_1|Donzela Endegrid
trp_knight_4_2c_wife_1_pl|Endegrid
trp_kingdom_4_lady_11|Thegnfru Herjasa
trp_kingdom_4_lady_11_pl|Herjasa
trp_knight_4_2c_daughter|Donzela Svipul
trp_knight_4_2c_daughter_pl|Svipul
trp_knight_4_1b_wife|Grevinne Ingunn
trp_knight_4_1b_wife_pl|Ingunn
trp_kingdom_4_lady_14|Donzela Kaeteli
trp_kingdom_4_lady_14_pl|Kaeteli
trp_knight_4_1b_daughter|Grevinne Eilif
trp_knight_4_1b_daughter_pl|Eilif
trp_knight_4_2b_daughter_2|Donzela Gudrun
trp_knight_4_2b_daughter_2_pl|Gudrun
trp_kingdom_4_lady_17|Donzela Bergit
trp_kingdom_4_lady_17_pl|Bergit
trp_knight_4_2c_wife_2|Senhora Aesa
trp_knight_4_2c_wife_2_pl|Aesa
trp_knight_4_1c_daughter|Donzela Alfrun
trp_knight_4_1c_daughter_pl|Alfrun
trp_kingdom_4_lady_20|Donzela Afrid
trp_kingdom_4_lady_20_pl|Afrid
trp_kingdom_5_lady_1|Duchessa Brina
trp_kingdom_5_lady_1_pl|Brina
trp_kingdom_5_lady_2|Donzella Aliena
trp_kingdom_5_lady_2_pl|Aliena
trp_kingdom_5_lady_3|Duchessa Aneth
trp_kingdom_5_lady_3_pl|Aneth
trp_kingdom_5_lady_4|Donzella Reada
trp_kingdom_5_lady_4_pl|Reada
trp_kingdom_5_5_wife|Contessa Saraten
trp_kingdom_5_5_wife_pl|Saraten
trp_kingdom_5_2b_wife_1|Donzella Baotheia
trp_kingdom_5_2b_wife_1_pl|Baotheia
trp_kingdom_5_1c_daughter_1|Contessa Eleandra
trp_kingdom_5_1c_daughter_1_pl|Eleandra
trp_kingdom_5_2c_daughter_1|Donzella Meraced
trp_kingdom_5_2c_daughter_1_pl|Meraced
trp_kingdom_5_1c_wife_1|Contessa Adelisa
trp_kingdom_5_1c_wife_1_pl|Adelisa
trp_kingdom_5_2c_wife_1|Donzella Calantina
trp_kingdom_5_2c_wife_1_pl|Calantina
trp_kingdom_5_1c_daughter_2|Baronessa Forbesa
trp_kingdom_5_1c_daughter_2_pl|Forbesa
trp_kingdom_5_2c_daughter_2|Donzella Claudora
trp_kingdom_5_2c_daughter_2_pl|Claudora
trp_kingdom_5_1b_wife|Baronessa Anais
trp_kingdom_5_1b_wife_pl|Anais
trp_kingdom_5_2b_wife_2|Donzella Miraeia
trp_kingdom_5_2b_wife_2_pl|Miraeia
trp_kingdom_5_1c_daughter_3|Contessa Agasia
trp_kingdom_5_1c_daughter_3_pl|Agasia
trp_kingdom_5_lady_16|Donzella Geneiava
trp_kingdom_5_lady_16_pl|Geneiava
trp_kingdom_5_1c_wife_2|Donzella Gwenael
trp_kingdom_5_1c_wife_2_pl|Gwenael
trp_kingdom_5_2c_wife_2|Donzella Ysueth
trp_kingdom_5_2c_wife_2_pl|Ysueth
trp_kingdom_5_1c_daughter_4|Donzella Ellian
trp_kingdom_5_1c_daughter_4_pl|Ellian
trp_kingdom_5_lady_20|Donzella Timethi
trp_kingdom_5_lady_20_pl|Timethi
trp_kingdom_6_lady_1|Pashana Rayma
trp_kingdom_6_lady_1_pl|Rayma
trp_kingdom_6_lady_2|Eadhra Thanaikha
trp_kingdom_6_lady_2_pl|Thanaikha
trp_kingdom_6_lady_3|Pashana Sulaha
trp_kingdom_6_lady_3_pl|Sulaha
trp_kingdom_6_lady_4|Eadhra Shatha
trp_kingdom_6_lady_4_pl|Shatha
trp_kingdom_6_lady_5|Pashana Bawthan
trp_kingdom_6_lady_5_pl|Bawthan
trp_kingdom_6_lady_6|Eadhra Mahayl
trp_kingdom_6_lady_6_pl|Mahayl
trp_kingdom_6_lady_7|Begum Isna
trp_kingdom_6_lady_7_pl|Isna
trp_kingdom_6_lady_8|Eadhra Siyafan
trp_kingdom_6_lady_8_pl|Siyafan
trp_kingdom_6_lady_9|Begum Ifar
trp_kingdom_6_lady_9_pl|Ifar
trp_kingdom_6_lady_10|Eadhra Yasmin
trp_kingdom_6_lady_10_pl|Yasmin
trp_kingdom_6_lady_11|Begum Dula
trp_kingdom_6_lady_11_pl|Dula
trp_kingdom_6_lady_12|Eadhra Ruwa
trp_kingdom_6_lady_12_pl|Ruwa
trp_kingdom_6_lady_13|Aghum Luqa
trp_kingdom_6_lady_13_pl|Luqa
trp_kingdom_6_lady_14|Eadhra Zandina
trp_kingdom_6_lady_14_pl|Zandina
trp_kingdom_6_lady_15|Begum Lulya
trp_kingdom_6_lady_15_pl|Lulya
trp_kingdom_6_lady_16|Eadhra Zahara
trp_kingdom_6_lady_16_pl|Zahara
trp_kingdom_6_lady_17|Eadhra Safiya
trp_kingdom_6_lady_17_pl|Safiya
trp_kingdom_6_lady_18|Eadhra Khalisa
trp_kingdom_6_lady_18_pl|Khalisa
trp_kingdom_6_lady_19|Eadhra Janab
trp_kingdom_6_lady_19_pl|Janab
trp_kingdom_6_lady_20|Eadhra Sur
trp_kingdom_6_lady_20_pl|Sur
trp_swadian_hero1|Sargento Swadiano de Elite
trp_swadian_hero1_pl|Sargentos Swadianos de Elite
trp_swadian_hero2|Arqueiro Swadiano de Elite
trp_swadian_hero2_pl|Arqueiros Swadianos de Elite
trp_swadian_hero3|Besteiro Swadiano de Elite
trp_swadian_hero3_pl|Besteiros Swadianos de Elite
trp_swadian_hero4|Cavaleiro Swadiano de Elite
trp_swadian_hero4_pl|Cavaleiros Swadianos de Elite
trp_vaegir_hero1|Guarda Vaegir de Elite
trp_vaegir_hero1_pl|Guardas Vaegires de Elite
trp_vaegir_hero2|Atirador Vaegir de Elite
trp_vaegir_hero2_pl|Atiradores Vaegires de Elite
trp_vaegir_hero3|Cavaleiro Vaegir de Elite
trp_vaegir_hero3_pl|Cavaleiros Vaegires de Elite
trp_khergit_hero1|Arqueiro Montado Khergita de Elite
trp_khergit_hero1_pl|Arqueiros Montados Khergitas de Elite
trp_khergit_hero2|Lanceiro Khergita de Elite
trp_khergit_hero2_pl|Lanceiros Khergitas de Elite
trp_nord_hero1|Huscarl Nórdico de Elite
trp_nord_hero1_pl|Huscarls Nórdicos de Elite
trp_nord_hero2|Arqueiro Nórdico de Elite
trp_nord_hero2_pl|Arqueiros Nórdicos de Elite
trp_rhodok_hero1|Sargento Rhodok de Elite
trp_rhodok_hero1_pl|Sargentos Rhodoks de Elite
trp_rhodok_hero2|Arbalestier Rhodok de Elite
trp_rhodok_hero2_pl|Arbalestiers Rhodok de Elite
trp_rhodok_hero3|Lider Rhodok de Elite
trp_rhodok_hero3_pl|Lideres Rhodoks de Elite
trp_sarranid_hero1|Guarda Sarranide de Elite
trp_sarranid_hero1_pl|Guardas Sarranides de Elite
trp_sarranid_hero2|Arqueiro Sarranide de Elite
trp_sarranid_hero2_pl|Arqueiros Sarranides de Elite
trp_sarranid_hero3|Mameluco Sarranide de Elite
trp_sarranid_hero3_pl|Mamelucos Sarranides de Elite
trp_town_1_arena_master|Mestre de Torneios
trp_town_2_arena_master|Mestre de Torneios
trp_town_3_arena_master|Mestre de Torneios
trp_town_4_arena_master|Mestre de Torneios
trp_town_5_arena_master|Mestre de Torneios
trp_town_6_arena_master|Mestre de Torneios
trp_town_7_arena_master|Mestre de Torneios
trp_town_8_arena_master|Mestre de Torneios
trp_town_9_arena_master|Mestre de Torneios
trp_town_10_arena_master|Mestre de Torneios
trp_town_11_arena_master|Mestre de Torneios
trp_town_12_arena_master|Mestre de Torneios
trp_town_13_arena_master|Mestre de Torneios
trp_town_14_arena_master|Mestre de Torneios
trp_town_15_arena_master|Mestre de Torneios
trp_town_16_arena_master|Mestre de Torneios
trp_town_17_arena_master|Mestre de Torneios
trp_town_18_arena_master|Mestre de Torneios
trp_town_19_arena_master|Mestre de Torneios
trp_town_20_arena_master|Mestre de Torneios
trp_town_21_arena_master|Mestre de Torneios
trp_town_22_arena_master|Mestre de Torneios
trp_town_23_arena_master|Mestre de Torneios
trp_town_1_armorer|Ferreiro
trp_town_2_armorer|Ferreira
trp_town_3_armorer|Ferreiro
trp_town_4_armorer|Ferreiro
trp_town_5_armorer|Ferreiro
trp_town_6_armorer|Ferreiro
trp_town_7_armorer|Ferreiro
trp_town_8_armorer|Ferreiro
trp_town_9_armorer|Ferreiro
trp_town_10_armorer|Ferreiro
trp_town_11_armorer|Ferreiro
trp_town_12_armorer|Ferreiro
trp_town_13_armorer|Ferreiro
trp_town_14_armorer|Ferreira
trp_town_15_armorer|Ferreiro
trp_town_16_armorer|Ferreiro
trp_town_17_armorer|Ferreiro
trp_town_18_armorer|Ferreira
trp_town_19_armorer|Ferreiro
trp_town_20_armorer|Ferreiro
trp_town_21_armorer|Ferreiro
trp_town_22_armorer|Ferreira
trp_town_23_armorer|Ferreiro
trp_zendar_armorer|Tomaso
trp_zendar_armorer_pl|Tomaso
trp_town_1_weaponsmith|Armeira
trp_town_2_weaponsmith|Armeiro
trp_town_3_weaponsmith|Armeiro
trp_town_4_weaponsmith|Armeiro
trp_town_5_weaponsmith|Armeiro
trp_town_6_weaponsmith|Armeiro
trp_town_7_weaponsmith|Armeiro
trp_town_8_weaponsmith|Armeira
trp_town_9_weaponsmith|Armeiro
trp_town_10_weaponsmith|Armeiro
trp_town_11_weaponsmith|Armeiro
trp_town_12_weaponsmith|Armeiro
trp_town_13_weaponsmith|Armeiro
trp_town_14_weaponsmith|Armeiro
trp_town_15_weaponsmith|Armeiro
trp_town_16_weaponsmith|Armeiro
trp_town_17_weaponsmith|Armeiro
trp_town_18_weaponsmith|Armeiro
trp_town_19_weaponsmith|Armeiro
trp_town_20_weaponsmith|Armeiro
trp_town_21_weaponsmith|Armeiro
trp_town_22_weaponsmith|Armeiro
trp_town_23_weaponsmith|Armeiro
trp_zendar_weaponsmith|Balian
trp_zendar_weaponsmith_pl|Balian
trp_tavern_itemseller_1|Tibbott, o Encantador de Cavalos
trp_tavern_itemseller_2|Ivan
trp_tavern_itemseller_3|Babak
trp_tavern_itemseller_4|Roland
trp_tavern_itemseller_5|Basilius
trp_tavern_itemseller_6|Sawwar
trp_tavern_itemseller_7|Lovten
trp_town_zendar_merchant|Sergio
trp_hideout_smuggler|Russell, o Coruja
trp_town_1_tavernkeeper|Taverneiro
trp_town_2_tavernkeeper|Taverneiro
trp_town_3_tavernkeeper|Taverneira
trp_town_4_tavernkeeper|Taverneiro
trp_town_5_tavernkeeper|Taverneiro
trp_town_6_tavernkeeper|Taverneira
trp_town_7_tavernkeeper|Taverneira
trp_town_8_tavernkeeper|Taverneiro
trp_town_9_tavernkeeper|Taverneira
trp_town_10_tavernkeeper|Taverneira
trp_town_11_tavernkeeper|Taverneira
trp_town_12_tavernkeeper|Taverneiro
trp_town_13_tavernkeeper|Taverneira
trp_town_14_tavernkeeper|Taverneiro
trp_town_15_tavernkeeper|Taverneira
trp_town_16_tavernkeeper|Taverneiro
trp_town_17_tavernkeeper|Taverneira
trp_town_18_tavernkeeper|Taverneiro
trp_town_19_tavernkeeper|Taverneira
trp_town_20_tavernkeeper|Taverneiro
trp_town_21_tavernkeeper|Taverneira
trp_town_22_tavernkeeper|Taverneiro
trp_town_23_tavernkeeper|Taverneiro
trp_zendar_tavernkeeper|Barda
trp_town_1_merchant|Mercador
trp_town_2_merchant|Mercador
trp_town_3_merchant|Mercadora
trp_town_4_merchant|Mercador
trp_town_5_merchant|Mercador
trp_town_6_merchant|Mercadora
trp_town_7_merchant|Mercador
trp_town_8_merchant|Mercador
trp_town_9_merchant|Mercador
trp_town_10_merchant|Mercador
trp_town_11_merchant|Mercador
trp_town_12_merchant|Mercadora
trp_town_13_merchant|Mercadora
trp_town_14_merchant|Mercador
trp_town_15_merchant|Mercador
trp_town_16_merchant|Mercadora
trp_town_17_merchant|Mercadora
trp_town_18_merchant|Mercador
trp_town_19_merchant|Mercador
trp_town_20_merchant|Mercadora
trp_town_21_merchant|Mercadora
trp_town_22_merchant|Mercador
trp_town_23_merchant|Mercador
trp_salt_mine_merchant|Barezan
trp_salt_mine_merchant_pl|Barezan
trp_town_1_horse_merchant|Mercadora de Cavalos
trp_town_2_horse_merchant|Mercador de Cavalos
trp_town_3_horse_merchant|Mercador de Cavalos
trp_town_4_horse_merchant|Mercador de Cavalos
trp_town_5_horse_merchant|Mercadora de Cavalos
trp_town_6_horse_merchant|Mercador de Cavalos
trp_town_7_horse_merchant|Mercador de Cavalos
trp_town_8_horse_merchant|Mercador de Cavalos
trp_town_9_horse_merchant|Mercador de Cavalos
trp_town_10_horse_merchant|Mercadora de Cavalos
trp_town_11_horse_merchant|Mercador de Cavalos
trp_town_12_horse_merchant|Mercador de Cavalos
trp_town_13_horse_merchant|Mercador de Cavalos
trp_town_14_horse_merchant|Mercadora de Cavalos
trp_town_15_horse_merchant|Mercador de Cavalos
trp_town_16_horse_merchant|Mercador de Cavalos
trp_town_17_horse_merchant|Mercador de Cavalos
trp_town_18_horse_merchant|Mercadora de Cavalos
trp_town_19_horse_merchant|Mercador de Cavalos
trp_town_20_horse_merchant|Mercador de Cavalos
trp_town_21_horse_merchant|Mercador de Cavalos
trp_town_22_horse_merchant|Mercadora de Cavalos
trp_town_23_horse_merchant|Mercador de Cavalos
trp_horse_merchant|Pedro
trp_horse_merchant_pl|Pedro
trp_town_1_mayor|Mestre da Guilda
trp_town_2_mayor|Mestre da Guilda
trp_town_3_mayor|Mestre da Guilda
trp_town_4_mayor|Mestre da Guilda
trp_town_5_mayor|Mestre da Guilda
trp_town_6_mayor|Mestre da Guilda
trp_town_7_mayor|Mestre da Guilda
trp_town_8_mayor|Mestre da Guilda
trp_town_9_mayor|Mestre da Guilda
trp_town_10_mayor|Mestre da Guilda
trp_town_11_mayor|Mestre da Guilda
trp_town_12_mayor|Mestre da Guilda
trp_town_13_mayor|Mestre da Guilda
trp_town_14_mayor|Mestre da Guilda
trp_town_15_mayor|Mestre da Guilda
trp_town_16_mayor|Mestre da Guilda
trp_town_17_mayor|Mestre da Guilda
trp_town_18_mayor|Mestre da Guilda
trp_town_19_mayor|Mestre da Guilda
trp_town_20_mayor|Mestre da Guilda
trp_town_21_mayor|Mestre da Guilda
trp_town_22_mayor|Mestre da Guilda
trp_town_23_mayor|Mestre da Guilda
trp_village_1_elder|Gladwyn
trp_village_2_elder|Amos
trp_village_3_elder|Caelan
trp_village_4_elder|Lachlan
trp_village_5_elder|Bjoern
trp_village_6_elder|Yanick
trp_village_7_elder|Deonte
trp_village_8_elder|Arvid
trp_village_9_elder|Paden
trp_village_10_elder|Bjarte
trp_village_11_elder|Yusuf
trp_village_12_elder|Jean
trp_village_13_elder|Jarrett
trp_village_14_elder|Tibor
trp_village_15_elder|Emory
trp_village_16_elder|Dorde
trp_village_17_elder|Mladen
trp_village_18_elder|Ivo
trp_village_19_elder|Aurel
trp_village_20_elder|Vikentje
trp_village_21_elder|Kamil
trp_village_22_elder|Jernej
trp_village_23_elder|Augustin
trp_village_24_elder|Grayson
trp_village_25_elder|Mazhar
trp_village_26_elder|Aubert
trp_village_27_elder|Uros
trp_village_28_elder|Ufuk
trp_village_29_elder|Asmund
trp_village_30_elder|Ulf
trp_village_31_elder|Fridtjof
trp_village_32_elder|Camden
trp_village_33_elder|Samson
trp_village_34_elder|Cecil
trp_village_35_elder|Severin
trp_village_36_elder|Oddmund
trp_village_37_elder|Burak
trp_village_38_elder|Austen
trp_village_39_elder|Adolphe
trp_village_40_elder|Julius
trp_village_41_elder|Metin
trp_village_42_elder|Yilmaz
trp_village_43_elder|Attila
trp_village_44_elder|Kengiz
trp_village_45_elder|Mehmed
trp_village_46_elder|Winoc
trp_village_47_elder|Kenton
trp_village_48_elder|Esme
trp_village_49_elder|Pavle
trp_village_50_elder|Dene
trp_village_51_elder|Aksel
trp_village_52_elder|Haluk
trp_village_53_elder|Quinn
trp_village_54_elder|Thad
trp_village_55_elder|Hallam
trp_village_56_elder|Eirik
trp_village_57_elder|Warrick
trp_village_58_elder|Radomir
trp_village_59_elder|Eduard
trp_village_60_elder|Braden
trp_village_61_elder|Esben
trp_village_62_elder|Ivan
trp_village_63_elder|Anson
trp_village_64_elder|Geoff
trp_village_65_elder|Antony
trp_village_66_elder|Pavle
trp_village_67_elder|Ely
trp_village_68_elder|Fletcher
trp_village_69_elder|Edvard
trp_village_70_elder|Jaylin
trp_village_71_elder|Rufus
trp_village_72_elder|Abner
trp_village_73_elder|Elton
trp_village_74_elder|Damir
trp_village_75_elder|Barhiz
trp_village_76_elder|Duygu
trp_village_77_elder|Torleif
trp_village_78_elder|Lawson
trp_village_79_elder|Marius
trp_village_80_elder|Erling
trp_village_81_elder|Torgils
trp_village_82_elder|Denholm
trp_village_83_elder|Deven
trp_village_84_elder|Stefano
trp_village_85_elder|Marek
trp_village_86_elder|Henrik
trp_village_87_elder|Kazimir
trp_village_88_elder|Hakan
trp_village_89_elder|Tolga
trp_village_90_elder|Norman
trp_village_91_elder|Behruz
trp_village_92_elder|Sohrab
trp_village_93_elder|Khodadad
trp_village_94_elder|Dariush
trp_village_95_elder|Siavush
trp_village_96_elder|Babaki
trp_village_97_elder|Leighton
trp_village_98_elder|Paravaiz
trp_village_99_elder|Eskandar
trp_village_100_elder|Mirza
trp_village_101_elder|Kianoush
trp_village_102_elder|Omid
trp_village_103_elder|Esmail
trp_village_104_elder|Alborz
trp_village_105_elder|Bahram
trp_village_106_elder|Kianoush
trp_village_107_elder|Gulzar
trp_village_108_elder|Naveed
trp_village_109_elder|Ardeshir
trp_village_110_elder|Arash
trp_merchants_end|fim dos mercadores
trp_merchants_end_pl|fim dos mercadores
trp_spr_chest_a|Baú
trp_spr_chest_a_pl|Baú
trp_hideout_storage|Armazém do Esconderijo
trp_hideout_storage_pl|Armazém do Esconderijo
trp_hideout_storage_2|Armazém do Esconderijo
trp_hideout_storage_2_pl|Armazém do Esconderijo
trp_hideout_armory|Arsenal do Esconderijo
trp_hideout_armory_pl|Arsenal do Esconderijo
trp_hideout_armory_2|Arsenal do Esconderijo
trp_hideout_armory_2_pl|Arsenal do Esconderijo
trp_pseudo_troop_end|Second Outfit
trp_pseudo_troop_end_pl|pseudo troop end
trp_bookcase|Estante
trp_bookcase_pl|Estante
trp_courtesan_1|Madame
trp_courtesan_1_pl|quastuosa
trp_courtesan_2|Madame
trp_courtesan_2_pl|quastuosa
trp_courtesan_3|Madame
trp_courtesan_3_pl|quastuosa
trp_courtesan_4|Madame
trp_courtesan_4_pl|quastuosa
trp_courtesan_5|Madame
trp_courtesan_5_pl|quastuosa
trp_courtesan_6|Madame
trp_courtesan_6_pl|quastuosa
trp_courtesan_7|Madame
trp_courtesan_7_pl|quastuosa
trp_courtesan_8|Madame Giselle
trp_courtesan_8_pl|quastuosa
trp_banditrecruiter_1|Adam, o Leproso
trp_banditrecruiter_1_pl|Adam, o Leproso
trp_dagoth|Gladiador Crixus
trp_dagoth_pl|Crixus
trp_velios|Gladiador Gannicus
trp_velios_pl|Gannicus
trp_michael|Gladiador Priscus
trp_michael_pl|Priscus
trp_flamma|Gladiador Flamma
trp_flamma_pl|Flamma
trp_theokoles|Gladiador Theokoles
trp_theokoles_pl|Theokoles
trp_hermes|Gladiador Hermes
trp_hermes_pl|Hermes
trp_gnaeus|Gladiador Gnaeus
trp_gnaeus_pl|Gnaeus
trp_carpophorus|Gladiador Carpophorus
trp_carpophorus_pl|Carpophorus
trp_tetraites|Gladiador Tetraites
trp_tetraites_pl|Tetraites
trp_latherga|Gladiador Latherga
trp_latherga_pl|Lagertha
trp_local_merchant|Mercador Local
trp_local_merchant_pl|Mercadores Locais
trp_tax_rebel|Camponês Rebelde
trp_tax_rebel_pl|Camponeses Rebeldes
trp_trainee_peasant|Camponês
trp_trainee_peasant_pl|Camponeses
trp_fugitive|Homem Nervoso
trp_fugitive_pl|Homens Nervosos
trp_belligerent_drunk|Bêbado Problemático
trp_belligerent_drunk_pl|Bêbados Problemáticos
trp_hired_assassin|Assassino Contratado
trp_hired_assassin_pl|Assassinos Contratados
trp_fight_promoter|Personagem de Aspecto Rude
trp_fight_promoter_pl|Personagens de Aspecto Rude
trp_spy|Plebeu Comum
trp_spy_pl|Plebeus Comuns
trp_spy_partner|Plebeu sem nada em especial
trp_spy_partner_pl|Plebeus sem nada em especial
trp_nurse_for_lady|Criada
trp_nurse_for_lady_pl|Criadas
trp_temporary_minister|Ministro
trp_temporary_minister_pl|Ministros
trp_miura_tang|Miura Tang
trp_miura_tang_pl|Miura Tang
trp_quick_battle_troop_1|Rodrigo de Bragança
trp_quick_battle_troop_1_pl|Rodrigo de Bragança
trp_quick_battle_troop_2|Usiatra
trp_quick_battle_troop_2_pl|Usiatra
trp_quick_battle_troop_3|Hegen
trp_quick_battle_troop_3_pl|Hegen
trp_quick_battle_troop_4|Konrad
trp_quick_battle_troop_4_pl|Konrad
trp_quick_battle_troop_5|Sverre
trp_quick_battle_troop_5_pl|Sverre
trp_quick_battle_troop_6|Borislav
trp_quick_battle_troop_6_pl|Borislav
trp_quick_battle_troop_7|Stavros
trp_quick_battle_troop_7_pl|Stavros
trp_quick_battle_troop_8|Gamara
trp_quick_battle_troop_8_pl|Gamara
trp_quick_battle_troop_9|Aethrod
trp_quick_battle_troop_9_pl|Aethrod
trp_quick_battle_troop_10|Zaira
trp_quick_battle_troop_10_pl|Zaira
trp_quick_battle_troop_11|Argo Sendnar
trp_quick_battle_troop_11_pl|Argo Sendnar
trp_runaway_girl|Futura Noiva
trp_runaway_girl_pl|Futuras Noivas
trp_spymaster|Mestre Espião
trp_spymaster_pl|Mestres Espiões
trp_kidnapped_wife|Esposa do Moleiro
trp_kidnapped_wife_pl|Esposas do Moleiro
trp_finances_array_this|finanças organizadas isso
trp_finances_array_this_pl|finanças organizadas isso
trp_finances_array_last|última linha de finanças
trp_finances_array_last_pl|última linha de finanças
trp_swadian_crossbowman_multiplayer_ai|Besteiro Swadiano
trp_swadian_crossbowman_multiplayer_ai_pl|Besteiros Swadianos
trp_swadian_infantry_multiplayer_ai|Infantaria Swadiana
trp_swadian_infantry_multiplayer_ai_pl|Infantarias Swadianas
trp_swadian_man_at_arms_multiplayer_ai|Homem das Armas Swadiano
trp_swadian_man_at_arms_multiplayer_ai_pl|Homens das Armas Swadianos
trp_vaegir_archer_multiplayer_ai|Arqueiro Vaegir
trp_vaegir_archer_multiplayer_ai_pl|Arqueiros Vaegires
trp_vaegir_spearman_multiplayer_ai|Lanceiro Vaegir
trp_vaegir_spearman_multiplayer_ai_pl|Lanceiros Vaegires
trp_vaegir_horseman_multiplayer_ai|Ginete Vaegir
trp_vaegir_horseman_multiplayer_ai_pl|Ginetes Vaegires
trp_khergit_dismounted_lancer_multiplayer_ai|Lanceiro a Pé Khergita
trp_khergit_dismounted_lancer_multiplayer_ai_pl|Lanceiros a Pé Khergitas
trp_khergit_veteran_horse_archer_multiplayer_ai|Arqueiro Montado Khergita
trp_khergit_veteran_horse_archer_multiplayer_ai_pl|Arqueiros Montados Khergitas
trp_khergit_lancer_multiplayer_ai|Lanceiro Khergita
trp_khergit_lancer_multiplayer_ai_pl|Lanceiros Khergitas
trp_nord_veteran_multiplayer_ai|Soldado Raso Nórdico
trp_nord_veteran_multiplayer_ai_pl|Soldados Rasos Nórdicos
trp_nord_scout_multiplayer_ai|Explorador Nórdico
trp_nord_scout_multiplayer_ai_pl|Exploradores Nórdicos
trp_nord_archer_multiplayer_ai|Arqueiro Nórdico
trp_nord_archer_multiplayer_ai_pl|Arqueiros Nórdicos
trp_rhodok_veteran_crossbowman_multiplayer_ai|Besteiro Rhodok
trp_rhodok_veteran_crossbowman_multiplayer_ai_pl|Besteiros Rhodoks
trp_rhodok_veteran_spearman_multiplayer_ai|Lanceiro Rhodok
trp_rhodok_veteran_spearman_multiplayer_ai_pl|Lanceiros Rhodoks
trp_rhodok_scout_multiplayer_ai|Explorador Rhodok
trp_rhodok_scout_multiplayer_ai_pl|Exploradores Rhodoks
trp_sarranid_infantry_multiplayer_ai|Infantaria Sarranide
trp_sarranid_infantry_multiplayer_ai_pl|Infantarias Sarranides
trp_sarranid_archer_multiplayer_ai|Arqueiro Sarranide
trp_sarranid_archer_multiplayer_ai_pl|Arqueiros Sarranides
trp_sarranid_horseman_multiplayer_ai|Ginete Sarranide
trp_sarranid_horseman_multiplayer_ai_pl|Ginetes Sarranides
trp_swadian_crossbowman_multiplayer|Besteiro Swadiano
trp_swadian_crossbowman_multiplayer_pl|Besteiros Swadianos
trp_swadian_infantry_multiplayer|Infantaria Swadiana
trp_swadian_infantry_multiplayer_pl|Infantarias Swadianas
trp_swadian_man_at_arms_multiplayer|Homem das Armas Swadiano
trp_swadian_man_at_arms_multiplayer_pl|Homens das Armas Swadianos
trp_vaegir_archer_multiplayer|Arqueiro Vaegir
trp_vaegir_archer_multiplayer_pl|Arqueiros Vaegires
trp_vaegir_spearman_multiplayer|Lanceiro Vaegir
trp_vaegir_spearman_multiplayer_pl|Lanceiros Vaegires
trp_vaegir_horseman_multiplayer|Ginete Vaegir
trp_vaegir_horseman_multiplayer_pl|Ginetes Vaegires
trp_khergit_veteran_horse_archer_multiplayer|Arqueiro Montado Khergita
trp_khergit_veteran_horse_archer_multiplayer_pl|Arqueiros Montados Khergitas
trp_khergit_lancer_multiplayer|Lanceiro Khergita
trp_khergit_lancer_multiplayer_pl|Lanceiros Khergitas
trp_nord_archer_multiplayer|Arqueiro Nórdico
trp_nord_archer_multiplayer_pl|Arqueiros Nórdicos
trp_nord_veteran_multiplayer|Huscarl Nórdico
trp_nord_veteran_multiplayer_pl|Huscarls Nórdicos
trp_nord_scout_multiplayer|Explorador Nórdico
trp_nord_scout_multiplayer_pl|Exploradores Nórdicos
trp_rhodok_veteran_crossbowman_multiplayer|Besteiro Rhodok
trp_rhodok_veteran_crossbowman_multiplayer_pl|Besteiros Rhodoks
trp_rhodok_sergeant_multiplayer|Sargento Rhodok
trp_rhodok_sergeant_multiplayer_pl|Sargentos Rhodoks
trp_rhodok_horseman_multiplayer|Ginete Rhodok
trp_rhodok_horseman_multiplayer_pl|Ginetes Rhodoks
trp_sarranid_archer_multiplayer|Arqueiro Sarranide
trp_sarranid_archer_multiplayer_pl|Arqueiros Sarranides
trp_sarranid_footman_multiplayer|Soldado Raso Sarranide
trp_sarranid_footman_multiplayer_pl|Soldados Rasos Sarranides
trp_sarranid_mamluke_multiplayer|Mameluco Sarranide
trp_sarranid_mamluke_multiplayer_pl|Mamelucos Sarranides
trp_nurse|Nurse
trp_tutorial_fighter_1|Lutador Novato
trp_tutorial_fighter_1_pl|Lutadores
trp_tutorial_fighter_2|Lutador Novato
trp_tutorial_fighter_2_pl|Lutadores
trp_tutorial_fighter_3|Lutador Regular
trp_tutorial_fighter_3_pl|Lutadores
trp_tutorial_fighter_4|Lutador Veterano
trp_tutorial_fighter_4_pl|Lutadores
trp_tutorial_archer_1|Arqueiro
trp_tutorial_archer_1_pl|Arqueiros
trp_tutorial_master_archer|Treinador Arqueiro
trp_tutorial_master_archer_pl|Treinadores Arqueiros
trp_tutorial_rider_1|Ginete
trp_tutorial_rider_2|Arqueiro a Cavalo
trp_tutorial_master_horseman|Treinador Ginete
trp_tutorial_master_horseman_pl|Treinadores Ginetes
trp_swadian_merchant|Mercador de Praven
trp_vaegir_merchant|Mercador de Reyvadin
trp_khergit_merchant|Mercador de Tulga
trp_nord_merchant|Mercador de Sargoth
trp_rhodok_merchant|Mercador de Jelkala
trp_sarranid_merchant|Mercador de Shariz
trp_startup_merchants_end|fim dos mercadores de início
trp_startup_merchants_end_pl|fim dos mercadores de início
trp_sea_raider_leader|Capitão Pirata
trp_sea_raider_leader_pl|Piratas
trp_looter_leader|Ladrão
trp_looter_leader_pl|Saqueadores
trp_bandit_leaders_end|fim dos líderes bandidos
trp_bandit_leaders_end_pl|fim dos líderes bandidos
trp_relative_of_merchant|Irmão do Mercador
trp_relative_of_merchants_end|fim relativo aos mercadores
trp_relative_of_merchants_end_pl|fim relativo aos mercadores
trp_deer|Corça
trp_deer_pl|Corças
trp_boar|Javali
trp_boar_pl|Javalis
trp_wolf|Lobo
trp_wolf_pl|Lobos
trp_coat|Veado
trp_coat_pl|Veados
trp_coat_b|Cabra da Montanha
trp_coat_b_pl|Cabras da Montanha
trp_wilddonkey|Iaque
trp_wilddonkey_pl|Iaques
trp_tpe_settings|TPE - Opções de Sobrevivência
trp_tpe_settings_pl|TPE - Tropas Escalonadas
trp_tpe_appearance|TPE - Configurações de Aparência
trp_tpe_appearance_pl|TPE - Tropas Escalonadas
trp_tpe_weapons|TPE - Definições de Arma
trp_tpe_weapons_pl|TPE - Tropas Escalonadas
trp_tpe_center_menus|TPE - Aparência dos Menus de Escolha
trp_tpe_center_menus_pl|TPE - Tropas Escalonadas
trp_tpe_options|TPE - Configurações do Jogador
trp_tpe_options_pl|TPE - Tropas Escalonadas
trp_horse_handler|Treinador de Cavalos
trp_horse_handler_pl|Treinadores de Cavalos
trp_dplmc_chamberlain|Tesoureiro Aubrey de Vere
trp_dplmc_chamberlain_pl|Tesoureiros
trp_dplmc_constable|Comissário Miles de Gloucester
trp_dplmc_constable_pl|Comissários
trp_dplmc_chancellor|Chanceler Herfast
trp_dplmc_chancellor_pl|Chanceleres
trp_dplmc_messenger|Mensageiro
trp_dplmc_messenger_pl|Mensageiros
trp_dplmc_scout|Batedor
trp_dplmc_scout_pl|Batedores
trp_dplmc_recruiter|Recrutador
trp_dplmc_recruiter_pl|Recrutadores
trp_musican_male|Músico
trp_musican_male_pl|Músico
trp_musican_female|Músico
trp_musican_female_pl|Músico
trp_musicans_end| 
trp_musicans_end_pl| 
